IP 地址,已发送,已接收,丢包率,平均延迟,下载速度 (MB/s)
65.49.237.173,4,4,0.00,106.81,0.00
65.49.237.173,4,4,0.00,110.16,0.00
65.49.237.237,4,4,0.00,114.10,0.00
65.49.237.237,4,4,0.00,114.39,0.00
65.49.237.39,4,4,0.00,114.40,0.00
65.49.237.39,4,4,0.00,115.89,0.00
65.49.236.151,4,4,0.00,118.46,0.00
65.49.237.39,4,4,0.00,121.11,0.00
65.49.237.39,4,4,0.00,121.48,0.00
65.49.237.39,4,4,0.00,123.13,0.00
65.49.236.151,4,4,0.00,126.20,0.00
65.49.236.53,4,4,0.00,127.24,0.00
65.49.236.151,4,4,0.00,127.84,0.00
65.49.237.173,4,4,0.00,127.96,0.00
65.49.236.151,4,4,0.00,132.26,0.00
65.49.236.151,4,4,0.00,133.41,0.00
65.49.236.151,4,4,0.00,134.11,0.00
65.49.236.153,4,4,0.00,135.30,0.00
65.49.237.237,4,4,0.00,137.58,0.00
65.49.236.151,4,4,0.00,137.90,0.00
65.49.237.39,4,4,0.00,139.12,0.00
65.49.237.114,4,4,0.00,139.88,0.00
65.49.236.53,4,4,0.00,140.51,0.00
65.49.237.114,4,4,0.00,142.22,0.00
5.226.51.161,4,4,0.00,142.67,0.00
65.49.237.39,4,4,0.00,143.15,0.00
65.49.236.151,4,4,0.00,143.84,0.00
65.49.236.153,4,4,0.00,144.00,0.00
65.49.237.237,4,4,0.00,144.80,0.00
65.49.236.151,4,4,0.00,145.17,0.00
65.49.236.151,4,4,0.00,145.39,0.00
65.49.237.173,4,4,0.00,145.71,0.00
65.49.237.39,4,4,0.00,145.81,0.00
65.49.236.53,4,4,0.00,145.85,0.00
65.49.237.173,4,4,0.00,146.52,0.00
65.49.236.53,4,4,0.00,146.55,0.00
65.49.236.71,4,4,0.00,146.73,0.00
65.49.236.53,4,4,0.00,146.83,0.00
65.49.237.114,4,4,0.00,146.91,0.00
65.49.236.151,4,4,0.00,146.93,0.00
65.49.237.173,4,4,0.00,146.98,0.00
65.49.236.71,4,4,0.00,147.63,0.00
65.49.237.114,4,4,0.00,147.74,0.00
65.49.236.71,4,4,0.00,148.09,0.00
65.49.237.237,4,4,0.00,149.06,0.00
65.49.236.153,4,4,0.00,149.08,0.00
65.49.237.114,4,4,0.00,149.53,0.00
65.49.237.237,4,4,0.00,149.86,0.00
65.49.236.151,4,4,0.00,149.98,0.00
65.49.237.39,4,4,0.00,149.98,0.00
65.49.237.237,4,4,0.00,150.04,0.00
65.49.237.237,4,4,0.00,150.46,0.00
65.49.237.173,4,4,0.00,150.59,0.00
65.49.237.237,4,4,0.00,150.77,0.00
65.49.237.237,4,4,0.00,150.91,0.00
65.49.236.71,4,4,0.00,151.72,0.00
65.49.236.53,4,4,0.00,152.10,0.00
65.49.237.173,4,4,0.00,152.15,0.00
65.49.237.173,4,4,0.00,152.43,0.00
65.49.236.53,4,4,0.00,152.63,0.00
65.49.236.71,4,4,0.00,152.70,0.00
65.49.237.173,4,4,0.00,152.88,0.00
65.49.236.53,4,4,0.00,152.90,0.00
65.49.236.153,4,4,0.00,152.95,0.00
65.49.236.153,4,4,0.00,153.39,0.00
65.49.236.53,4,4,0.00,153.55,0.00
65.49.236.71,4,4,0.00,154.40,0.00
65.49.236.53,4,4,0.00,154.68,0.00
65.49.236.53,4,4,0.00,154.77,0.00
65.49.236.151,4,4,0.00,154.79,0.00
65.49.237.173,4,4,0.00,154.81,0.00
65.49.237.173,4,4,0.00,155.10,0.00
65.49.236.53,4,4,0.00,155.18,0.00
65.49.237.173,4,4,0.00,155.98,0.00
65.49.236.53,4,4,0.00,156.38,0.00
65.49.237.173,4,4,0.00,156.72,0.00
65.49.236.53,4,4,0.00,157.09,0.00
65.49.237.114,4,4,0.00,158.23,0.00
65.49.237.237,4,4,0.00,158.25,0.00
65.49.237.173,4,4,0.00,158.49,0.00
65.49.236.151,4,4,0.00,159.53,0.00
65.49.236.151,4,4,0.00,159.77,0.00
65.49.236.151,4,4,0.00,159.83,0.00
45.159.48.212,4,4,0.00,160.52,0.00
65.49.236.153,4,4,0.00,161.21,0.00
65.49.236.71,4,4,0.00,161.67,0.00
65.49.236.71,4,4,0.00,162.10,0.00
65.49.237.114,4,4,0.00,162.70,0.00
103.201.131.100,4,4,0.00,163.19,0.00
65.49.236.153,4,4,0.00,163.76,0.00
133.242.249.74,4,4,0.00,163.78,0.00
65.49.236.153,4,4,0.00,164.27,0.00
65.49.237.237,4,4,0.00,164.33,0.00
65.49.237.114,4,4,0.00,165.34,0.00
65.49.236.153,4,4,0.00,166.02,0.00
65.49.237.237,4,4,0.00,166.11,0.00
65.49.237.114,4,4,0.00,166.16,0.00
65.49.236.53,4,4,0.00,166.46,0.00
65.49.236.151,4,4,0.00,166.64,0.00
65.49.236.53,4,4,0.00,167.96,0.00
65.49.236.151,4,4,0.00,168.37,0.00
65.49.237.173,4,4,0.00,168.60,0.00
65.49.237.8,4,4,0.00,169.14,0.00
65.49.236.53,4,4,0.00,169.26,0.00
65.49.237.237,4,4,0.00,171.84,0.00
65.49.236.53,4,4,0.00,172.20,0.00
65.49.236.151,4,4,0.00,174.21,0.00
141.11.139.143,4,4,0.00,177.34,0.00
65.49.237.237,4,4,0.00,177.64,0.00
65.49.237.237,4,4,0.00,178.24,0.00
65.49.236.71,4,4,0.00,178.93,0.00
65.49.236.151,4,4,0.00,179.95,0.00
193.32.150.2,4,4,0.00,180.50,0.00
43.239.249.232,4,4,0.00,181.21,0.00
116.206.93.251,4,4,0.00,181.27,0.00
65.49.237.8,4,4,0.00,181.43,0.00
195.245.242.119,4,4,0.00,184.52,0.00
65.49.236.71,4,4,0.00,184.62,0.00
103.232.213.140,4,4,0.00,184.86,0.00
149.62.44.184,4,4,0.00,186.03,0.00
65.49.236.71,4,4,0.00,186.18,0.00
65.49.236.151,4,4,0.00,186.38,0.00
65.49.236.151,4,4,0.00,186.53,0.00
65.49.236.151,4,4,0.00,187.18,0.00
65.49.236.151,4,4,0.00,187.24,0.00
65.49.236.71,4,4,0.00,187.26,0.00
65.49.237.8,4,4,0.00,187.63,0.00
45.143.233.192,4,4,0.00,189.07,0.00
52.185.157.46,4,4,0.00,192.55,0.00
65.49.237.8,4,4,0.00,193.38,0.00
65.49.236.71,4,4,0.00,193.91,0.00
65.49.237.8,4,4,0.00,194.66,0.00
156.231.115.39,4,4,0.00,196.22,0.00
52.185.184.6,4,4,0.00,197.01,0.00
65.49.237.39,4,4,0.00,198.05,0.00
65.49.237.8,4,4,0.00,200.43,0.00
65.49.236.151,4,4,0.00,200.80,0.00
65.49.237.237,4,4,0.00,203.07,0.00
65.49.237.173,4,4,0.00,203.10,0.00
65.49.237.8,4,4,0.00,203.89,0.00
65.49.237.237,4,4,0.00,205.41,0.00
65.49.236.71,4,4,0.00,205.61,0.00
65.49.237.173,4,4,0.00,206.19,0.00
65.49.236.71,4,4,0.00,207.55,0.00
103.140.136.61,4,4,0.00,208.50,0.00
65.49.236.151,4,4,0.00,209.04,0.00
13.227.56.211,4,4,0.00,209.93,0.00
18.172.39.108,4,4,0.00,212.02,0.00
13.227.62.12,4,4,0.00,212.21,0.00
65.49.236.71,4,4,0.00,212.49,0.00
65.49.237.39,4,4,0.00,212.63,0.00
65.49.236.71,4,4,0.00,212.83,0.00
23.209.45.64,4,4,0.00,213.59,0.00
65.49.236.71,4,4,0.00,214.42,0.00
65.49.237.237,4,4,0.00,215.22,0.00
52.199.3.191,4,4,0.00,215.85,0.00
65.49.237.8,4,4,0.00,215.93,0.00
123.108.70.100,4,4,0.00,216.15,0.00
65.49.236.151,4,4,0.00,217.20,0.00
65.49.237.237,4,4,0.00,217.80,0.00
18.65.168.71,4,4,0.00,218.08,0.00
45.159.48.149,4,4,0.00,220.30,0.00
43.153.174.232,4,4,0.00,220.47,0.00
147.192.144.87,4,4,0.00,221.05,0.00
65.49.237.114,4,4,0.00,221.87,0.00
65.49.237.237,4,4,0.00,223.48,0.00
3.112.14.34,4,4,0.00,223.53,0.00
18.172.50.77,4,4,0.00,223.56,0.00
103.232.213.34,4,4,0.00,223.82,0.00
43.130.239.16,4,4,0.00,224.30,0.00
156.231.11.74,4,4,0.00,224.51,0.00
65.49.237.114,4,4,0.00,224.61,0.00
65.49.237.114,4,4,0.00,224.92,0.00
65.49.236.53,4,4,0.00,226.11,0.00
43.130.239.16,4,4,0.00,226.13,0.00
20.243.121.22,4,4,0.00,228.26,0.00
65.49.237.173,4,4,0.00,228.60,0.00
4.216.196.3,4,4,0.00,229.89,0.00
18.65.168.65,4,4,0.00,229.96,0.00
140.238.51.81,4,4,0.00,230.46,0.00
65.49.236.151,4,4,0.00,230.46,0.00
99.84.50.34,4,4,0.00,230.49,0.00
65.49.237.114,4,4,0.00,231.55,0.00
210.224.185.230,4,4,0.00,232.34,0.00
65.49.236.53,4,4,0.00,233.34,0.00
65.49.237.114,4,4,0.00,234.29,0.00
154.40.62.51,4,4,0.00,234.45,0.00
13.231.158.213,4,4,0.00,235.39,0.00
65.49.237.114,4,4,0.00,236.77,0.00
65.49.237.173,4,4,0.00,236.89,0.00
65.49.236.151,4,4,0.00,237.15,0.00
140.83.38.172,4,4,0.00,237.71,0.00
65.49.237.173,4,4,0.00,237.80,0.00
38.47.125.135,4,4,0.00,237.87,0.00
43.133.163.139,4,4,0.00,237.88,0.00
52.185.157.46,4,4,0.00,238.09,0.00
65.49.237.114,4,4,0.00,238.13,0.00
65.49.237.114,4,4,0.00,238.25,0.00
65.49.237.173,4,4,0.00,238.72,0.00
65.49.237.173,4,4,0.00,239.43,0.00
65.49.236.53,4,4,0.00,239.52,0.00
65.49.236.53,4,4,0.00,240.55,0.00
65.49.237.173,4,4,0.00,240.61,0.00
65.49.237.114,4,4,0.00,241.33,0.00
65.49.237.114,4,4,0.00,242.16,0.00
18.65.214.37,4,4,0.00,242.22,0.00
65.49.236.53,4,4,0.00,242.90,0.00
103.115.41.139,4,4,0.00,243.08,0.00
65.49.237.114,4,4,0.00,243.38,0.00
45.159.48.212,4,4,0.00,243.48,0.00
18.172.39.50,4,4,0.00,244.36,0.00
65.49.237.114,4,4,0.00,244.75,0.00
103.115.41.140,4,4,0.00,245.52,0.00
65.49.236.53,4,4,0.00,248.72,0.00
144.48.4.177,4,4,0.00,248.99,0.00
34.146.207.108,4,4,0.00,250.12,0.00
23.45.51.129,4,4,0.00,250.16,0.00
18.172.39.176,4,4,0.00,250.26,0.00
202.182.100.124,4,4,0.00,251.42,0.00
65.49.236.53,4,4,0.00,251.83,0.00
65.49.237.8,4,4,0.00,254.87,0.00
209.146.100.34,4,4,0.00,258.45,0.00
65.49.236.153,4,4,0.00,267.57,0.00
65.49.237.173,4,4,0.00,267.85,0.00
156.231.116.38,4,4,0.00,268.18,0.00
223.135.156.185,4,4,0.00,268.48,0.00
43.239.249.232,4,4,0.00,270.24,0.00
65.49.236.71,4,4,0.00,271.07,0.00
150.230.218.34,4,4,0.00,273.66,0.00
23.3.102.207,4,4,0.00,274.70,0.00
65.49.236.71,4,4,0.00,275.10,0.00
65.49.237.237,4,4,0.00,278.04,0.00
65.49.236.53,4,4,0.00,280.30,0.00
65.49.236.53,4,4,0.00,280.49,0.00
65.49.237.237,4,4,0.00,280.59,0.00
65.49.237.39,4,4,0.00,281.24,0.00
65.49.237.39,4,4,0.00,281.35,0.00
209.146.100.237,4,4,0.00,281.95,0.00
65.49.236.153,4,4,0.00,283.02,0.00
65.49.236.71,4,4,0.00,283.21,0.00
65.49.236.71,4,4,0.00,283.35,0.00
103.232.213.34,4,4,0.00,285.29,0.00
65.49.236.53,4,4,0.00,287.01,0.00
65.49.236.151,4,4,0.00,287.26,0.00
65.49.237.173,4,4,0.00,287.37,0.00
65.49.237.237,4,4,0.00,287.39,0.00
65.49.236.71,4,4,0.00,287.42,0.00
65.49.237.173,4,4,0.00,287.69,0.00
65.49.237.39,4,4,0.00,287.99,0.00
205.198.68.90,4,4,0.00,288.43,0.00
65.49.236.151,4,4,0.00,288.49,0.00
65.49.236.151,4,4,0.00,289.72,0.00
65.49.236.151,4,4,0.00,290.47,0.00
65.49.236.151,4,4,0.00,291.66,0.00
65.49.236.151,4,4,0.00,291.99,0.00
13.231.218.71,4,4,0.00,292.16,0.00
65.49.236.151,4,4,0.00,292.41,0.00
65.49.236.151,4,4,0.00,292.75,0.00
65.49.236.151,4,4,0.00,292.76,0.00
65.49.236.53,4,4,0.00,293.93,0.00
35.72.131.157,4,4,0.00,294.42,0.00
65.49.237.39,4,4,0.00,294.58,0.00
209.146.100.57,4,4,0.00,294.67,0.00
65.49.236.151,4,4,0.00,294.90,0.00
65.49.237.237,4,4,0.00,295.18,0.00
65.49.236.153,4,4,0.00,296.10,0.00
65.49.237.173,4,4,0.00,296.26,0.00
65.49.237.237,4,4,0.00,296.67,0.00
209.146.100.57,4,4,0.00,296.84,0.00
65.49.237.237,4,4,0.00,296.98,0.00
65.49.237.39,4,4,0.00,298.09,0.00
209.146.103.39,4,4,0.00,298.51,0.00
111.119.27.59,4,4,0.00,298.81,0.00
65.49.237.237,4,4,0.00,298.97,0.00
65.49.237.237,4,4,0.00,299.07,0.00
13.227.62.111,4,4,0.00,299.19,0.00
65.49.236.151,4,4,0.00,299.69,0.00
65.49.237.8,4,4,0.00,300.05,0.00
65.49.237.173,4,4,0.00,300.26,0.00
65.49.236.153,4,4,0.00,300.43,0.00
65.49.236.71,4,4,0.00,300.68,0.00
65.49.237.237,4,4,0.00,300.69,0.00
65.49.237.173,4,4,0.00,300.99,0.00
65.49.236.151,4,4,0.00,302.04,0.00
65.49.237.237,4,4,0.00,302.54,0.00
18.65.168.38,4,4,0.00,302.76,0.00
154.92.9.0,4,4,0.00,302.89,0.00
23.195.146.16,4,4,0.00,303.07,0.00
65.49.236.71,4,4,0.00,303.43,0.00
13.249.160.125,4,4,0.00,303.69,0.00
65.49.237.114,4,4,0.00,303.92,0.00
65.49.236.53,4,4,0.00,304.25,0.00
65.49.236.71,4,4,0.00,304.40,0.00
65.49.236.151,4,4,0.00,304.84,0.00
65.49.236.53,4,4,0.00,305.12,0.00
65.49.237.173,4,4,0.00,305.48,0.00
65.49.237.237,4,4,0.00,306.76,0.00
65.49.236.71,4,4,0.00,307.73,0.00
65.49.237.39,4,4,0.00,307.85,0.00
23.192.45.235,4,4,0.00,308.07,0.00
65.49.236.151,4,4,0.00,308.13,0.00
65.49.237.173,4,4,0.00,308.74,0.00
65.49.236.53,4,4,0.00,308.98,0.00
65.49.237.237,4,4,0.00,309.13,0.00
65.49.236.53,4,4,0.00,309.40,0.00
65.49.237.39,4,4,0.00,309.90,0.00
65.49.236.151,4,4,0.00,310.16,0.00
65.49.236.153,4,4,0.00,310.51,0.00
65.49.236.151,4,4,0.00,310.88,0.00
65.49.237.8,4,4,0.00,311.92,0.00
65.49.236.151,4,4,0.00,312.26,0.00
65.49.237.39,4,4,0.00,312.65,0.00
65.49.237.173,4,4,0.00,312.97,0.00
65.49.237.8,4,4,0.00,313.15,0.00
65.49.236.153,4,4,0.00,313.54,0.00
172.105.224.201,4,4,0.00,313.79,0.00
65.49.236.71,4,4,0.00,313.96,0.00
103.81.187.113,4,4,0.00,314.65,0.00
65.49.237.237,4,4,0.00,314.74,0.00
65.49.237.237,4,4,0.00,314.88,0.00
65.49.236.53,4,4,0.00,315.19,0.00
65.49.237.237,4,4,0.00,315.46,0.00
65.49.237.114,4,4,0.00,315.51,0.00
65.49.236.151,4,4,0.00,315.51,0.00
23.192.45.235,4,4,0.00,315.72,0.00
65.49.236.53,4,4,0.00,315.87,0.00
65.49.237.39,4,4,0.00,315.94,0.00
65.49.237.237,4,4,0.00,316.51,0.00
65.49.237.173,4,4,0.00,316.86,0.00
65.49.237.237,4,4,0.00,317.01,0.00
65.49.237.8,4,4,0.00,317.08,0.00
65.49.237.8,4,4,0.00,317.78,0.00
65.49.237.39,4,4,0.00,317.83,0.00
65.49.237.237,4,4,0.00,318.17,0.00
65.49.237.8,4,4,0.00,318.24,0.00
65.49.237.237,4,4,0.00,318.60,0.00
182.22.26.60,4,4,0.00,318.60,0.00
65.49.237.39,4,4,0.00,319.02,0.00
65.49.236.71,4,4,0.00,319.55,0.00
65.49.236.53,4,4,0.00,319.95,0.00
209.146.102.24,4,4,0.00,320.66,0.00
65.49.237.39,4,4,0.00,321.16,0.00
185.200.64.162,4,4,0.00,321.23,0.00
209.146.103.96,4,4,0.00,321.34,0.00
65.49.237.237,4,4,0.00,321.50,0.00
65.49.237.237,4,4,0.00,322.76,0.00
65.49.237.8,4,4,0.00,323.04,0.00
65.49.237.237,4,4,0.00,323.52,0.00
65.49.237.237,4,4,0.00,323.67,0.00
65.49.237.237,4,4,0.00,323.87,0.00
65.49.237.237,4,4,0.00,323.98,0.00
65.49.236.71,4,4,0.00,324.05,0.00
65.49.236.71,4,4,0.00,324.27,0.00
65.49.237.173,4,4,0.00,325.09,0.00
65.49.237.8,4,4,0.00,325.19,0.00
65.49.237.39,4,4,0.00,325.38,0.00
65.49.237.237,4,4,0.00,325.41,0.00
65.49.237.8,4,4,0.00,325.45,0.00
65.49.237.8,4,4,0.00,325.55,0.00
65.49.237.237,4,4,0.00,325.86,0.00
65.49.236.71,4,4,0.00,326.59,0.00
65.49.236.53,4,4,0.00,327.42,0.00
65.49.236.151,4,4,0.00,327.50,0.00
188.253.24.218,4,4,0.00,328.10,0.00
65.49.237.8,4,4,0.00,329.45,0.00
65.49.237.8,4,4,0.00,329.64,0.00
65.49.237.237,4,4,0.00,330.09,0.00
65.49.236.151,4,4,0.00,330.32,0.00
65.49.236.53,4,4,0.00,330.78,0.00
65.49.237.237,4,4,0.00,331.10,0.00
65.49.237.39,4,4,0.00,331.41,0.00
65.49.236.151,4,4,0.00,331.82,0.00
65.49.237.237,4,4,0.00,331.85,0.00
65.49.237.8,4,4,0.00,332.56,0.00
65.49.236.71,4,4,0.00,332.86,0.00
65.49.236.151,4,4,0.00,332.99,0.00
65.49.237.237,4,4,0.00,333.11,0.00
65.49.236.71,4,4,0.00,333.14,0.00
65.49.236.53,4,4,0.00,333.50,0.00
65.49.237.39,4,4,0.00,333.69,0.00
156.231.116.38,4,4,0.00,333.86,0.00
65.49.237.237,4,4,0.00,335.78,0.00
65.49.236.151,4,4,0.00,336.28,0.00
65.49.237.8,4,4,0.00,336.42,0.00
65.49.236.53,4,4,0.00,336.95,0.00
65.49.237.173,4,4,0.00,337.74,0.00
195.245.242.143,4,4,0.00,338.05,0.00
65.49.237.39,4,4,0.00,338.71,0.00
91.200.242.117,4,4,0.00,338.73,0.00
65.49.237.173,4,4,0.00,338.84,0.00
65.49.237.237,4,4,0.00,339.27,0.00
65.49.237.39,4,4,0.00,339.67,0.00
65.49.237.237,4,4,0.00,340.84,0.00
65.49.237.237,4,4,0.00,341.44,0.00
65.49.237.39,4,4,0.00,342.25,0.00
65.49.236.53,4,4,0.00,342.43,0.00
65.49.237.237,4,4,0.00,342.91,0.00
154.92.9.1,4,4,0.00,343.07,0.00
65.49.236.153,4,4,0.00,343.52,0.00
65.49.236.53,4,4,0.00,343.60,0.00
65.49.237.8,4,4,0.00,343.72,0.00
65.49.237.173,4,4,0.00,343.80,0.00
103.115.41.140,4,4,0.00,344.11,0.00
65.49.236.153,4,4,0.00,344.27,0.00
23.192.47.82,4,4,0.00,344.95,0.00
65.49.236.53,4,4,0.00,344.95,0.00
65.49.236.53,4,4,0.00,345.13,0.00
65.49.237.237,4,4,0.00,345.84,0.00
154.40.62.137,4,4,0.00,346.03,0.00
65.49.237.237,4,4,0.00,347.82,0.00
65.49.237.237,4,4,0.00,347.87,0.00
65.49.236.53,4,4,0.00,347.89,0.00
65.49.236.53,4,4,0.00,348.85,0.00
65.49.236.153,4,4,0.00,349.33,0.00
65.49.236.71,4,4,0.00,350.16,0.00
65.49.237.237,4,4,0.00,351.23,0.00
65.49.236.153,4,4,0.00,351.29,0.00
65.49.237.173,4,4,0.00,353.06,0.00
65.49.237.39,4,4,0.00,353.07,0.00
65.49.236.153,4,4,0.00,353.12,0.00
13.230.198.107,4,4,0.00,353.12,0.00
65.49.236.71,4,4,0.00,353.19,0.00
65.49.237.173,4,4,0.00,353.50,0.00
65.49.236.71,4,4,0.00,353.85,0.00
65.49.236.151,4,4,0.00,353.86,0.00
65.49.237.237,4,4,0.00,354.19,0.00
65.49.237.39,4,4,0.00,354.30,0.00
65.49.237.39,4,4,0.00,354.63,0.00
65.49.237.39,4,4,0.00,354.64,0.00
65.49.236.71,4,4,0.00,355.18,0.00
65.49.237.173,4,4,0.00,355.20,0.00
65.49.237.237,4,4,0.00,355.27,0.00
65.49.236.71,4,4,0.00,355.31,0.00
65.49.237.237,4,4,0.00,355.85,0.00
65.49.236.71,4,4,0.00,355.86,0.00
65.49.237.237,4,4,0.00,355.88,0.00
65.49.237.8,4,4,0.00,355.93,0.00
65.49.236.71,4,4,0.00,356.07,0.00
65.49.236.151,4,4,0.00,356.43,0.00
65.49.237.39,4,4,0.00,356.46,0.00
65.49.237.237,4,4,0.00,356.53,0.00
65.49.237.39,4,4,0.00,356.72,0.00
209.146.102.118,4,4,0.00,356.75,0.00
65.49.237.8,4,4,0.00,357.47,0.00
65.49.237.237,4,4,0.00,357.72,0.00
65.49.237.173,4,4,0.00,358.17,0.00
65.49.236.71,4,4,0.00,358.39,0.00
65.49.237.237,4,4,0.00,358.51,0.00
65.49.236.153,4,4,0.00,359.60,0.00
65.49.236.71,4,4,0.00,359.77,0.00
65.49.237.39,4,4,0.00,360.06,0.00
65.49.237.8,4,4,0.00,360.06,0.00
65.49.236.53,4,4,0.00,360.09,0.00
65.49.236.53,4,4,0.00,360.33,0.00
65.49.237.39,4,4,0.00,360.48,0.00
65.49.237.173,4,4,0.00,360.52,0.00
65.49.237.237,4,4,0.00,360.52,0.00
65.49.237.8,4,4,0.00,360.58,0.00
65.49.237.39,4,4,0.00,360.67,0.00
65.49.237.8,4,4,0.00,361.19,0.00
65.49.237.8,4,4,0.00,361.54,0.00
65.49.237.114,4,4,0.00,361.86,0.00
65.49.237.8,4,4,0.00,362.05,0.00
65.49.236.151,4,4,0.00,362.05,0.00
65.49.237.114,4,4,0.00,362.05,0.00
65.49.237.39,4,4,0.00,362.21,0.00
65.49.237.237,4,4,0.00,362.29,0.00
65.49.237.39,4,4,0.00,362.91,0.00
65.49.237.237,4,4,0.00,363.04,0.00
65.49.237.8,4,4,0.00,363.08,0.00
65.49.237.173,4,4,0.00,363.12,0.00
65.49.237.173,4,4,0.00,363.20,0.00
65.49.237.39,4,4,0.00,363.34,0.00
65.49.237.237,4,4,0.00,363.36,0.00
65.49.237.39,4,4,0.00,363.70,0.00
156.231.11.180,4,4,0.00,364.29,0.00
65.49.236.153,4,4,0.00,364.63,0.00
65.49.237.39,4,4,0.00,364.73,0.00
65.49.237.39,4,4,0.00,364.80,0.00
65.49.237.39,4,4,0.00,365.03,0.00
13.249.166.51,4,4,0.00,365.60,0.00
65.49.237.8,4,4,0.00,365.63,0.00
65.49.237.39,4,4,0.00,365.64,0.00
65.49.237.8,4,4,0.00,365.74,0.00
65.49.237.237,4,4,0.00,366.03,0.00
65.49.237.173,4,4,0.00,366.17,0.00
65.49.237.39,4,4,0.00,366.40,0.00
65.49.237.237,4,4,0.00,366.88,0.00
65.49.236.153,4,4,0.00,367.08,0.00
65.49.236.151,4,4,0.00,367.20,0.00
65.49.237.39,4,4,0.00,367.39,0.00
18.172.52.10,4,4,0.00,367.50,0.00
65.49.237.237,4,4,0.00,367.56,0.00
65.49.237.8,4,4,0.00,367.76,0.00
65.49.237.39,4,4,0.00,367.94,0.00
65.49.236.153,4,4,0.00,368.26,0.00
65.49.236.53,4,4,0.00,368.38,0.00
65.49.237.173,4,4,0.00,368.38,0.00
65.49.236.151,4,4,0.00,368.42,0.00
65.49.237.39,4,4,0.00,368.61,0.00
65.49.237.75,4,4,0.00,368.83,0.00
65.49.236.71,4,4,0.00,368.92,0.00
188.253.24.217,4,4,0.00,369.51,0.00
65.49.237.237,4,4,0.00,369.61,0.00
65.49.236.153,4,4,0.00,369.64,0.00
65.49.237.39,4,4,0.00,369.90,0.00
65.49.237.237,4,4,0.00,370.05,0.00
65.49.237.39,4,4,0.00,370.70,0.00
65.49.237.237,4,4,0.00,371.05,0.00
65.49.236.153,4,4,0.00,371.09,0.00
182.48.0.116,4,4,0.00,371.51,0.00
65.49.237.39,4,4,0.00,371.64,0.00
65.49.236.53,4,4,0.00,371.73,0.00
65.49.236.53,4,4,0.00,372.19,0.00
65.49.237.237,4,4,0.00,372.24,0.00
65.49.237.39,4,4,0.00,372.67,0.00
65.49.237.8,4,4,0.00,373.22,0.00
65.49.237.39,4,4,0.00,373.42,0.00
65.49.237.39,4,4,0.00,374.65,0.00
65.49.237.39,4,4,0.00,374.76,0.00
65.49.237.39,4,4,0.00,375.54,0.00
154.19.187.190,4,4,0.00,375.93,0.00
65.49.236.53,4,4,0.00,375.96,0.00
65.49.237.237,4,4,0.00,376.27,0.00
65.49.236.53,4,4,0.00,376.34,0.00
65.49.237.237,4,4,0.00,376.45,0.00
65.49.237.237,4,4,0.00,376.63,0.00
65.49.237.237,4,4,0.00,376.65,0.00
65.49.237.39,4,4,0.00,376.66,0.00
65.49.237.237,4,4,0.00,376.72,0.00
65.49.236.53,4,4,0.00,376.73,0.00
65.49.237.39,4,4,0.00,377.03,0.00
65.49.237.39,4,4,0.00,377.10,0.00
65.49.237.237,4,4,0.00,377.10,0.00
65.49.236.151,4,4,0.00,377.13,0.00
65.49.237.237,4,4,0.00,377.47,0.00
65.49.237.39,4,4,0.00,377.57,0.00
65.49.236.71,4,4,0.00,377.67,0.00
65.49.237.237,4,4,0.00,378.05,0.00
65.49.237.237,4,4,0.00,378.30,0.00
65.49.237.39,4,4,0.00,379.97,0.00
65.49.237.39,4,4,0.00,380.23,0.00
65.49.236.153,4,4,0.00,380.45,0.00
65.49.237.39,4,4,0.00,380.78,0.00
65.49.237.237,4,4,0.00,380.87,0.00
65.49.237.39,4,4,0.00,381.27,0.00
65.49.237.39,4,4,0.00,381.44,0.00
65.49.236.151,4,4,0.00,381.60,0.00
65.49.237.237,4,4,0.00,381.63,0.00
65.49.237.8,4,4,0.00,381.77,0.00
153.206.162.224,4,4,0.00,382.08,0.00
65.49.237.237,4,4,0.00,382.44,0.00
65.49.237.8,4,4,0.00,382.64,0.00
65.49.237.8,4,4,0.00,382.66,0.00
65.49.237.8,4,4,0.00,383.20,0.00
65.49.237.173,4,4,0.00,383.24,0.00
65.49.237.8,4,4,0.00,383.26,0.00
45.66.131.217,4,4,0.00,383.27,0.00
65.49.237.39,4,4,0.00,383.43,0.00
65.49.236.151,4,4,0.00,383.67,0.00
65.49.236.153,4,4,0.00,383.92,0.00
65.49.237.39,4,4,0.00,384.15,0.00
65.49.237.39,4,4,0.00,384.26,0.00
65.49.237.8,4,4,0.00,384.48,0.00
65.49.236.71,4,4,0.00,384.77,0.00
65.49.237.173,4,4,0.00,385.06,0.00
65.49.236.71,4,4,0.00,385.32,0.00
65.49.237.237,4,4,0.00,385.35,0.00
65.49.236.71,4,4,0.00,385.40,0.00
4.241.91.156,4,4,0.00,385.45,0.00
65.49.237.237,4,4,0.00,385.52,0.00
65.49.236.153,4,4,0.00,385.68,0.00
43.239.249.125,4,4,0.00,385.82,0.00
65.49.237.8,4,4,0.00,385.97,0.00
65.49.237.237,4,4,0.00,386.03,0.00
65.49.237.39,4,4,0.00,386.06,0.00
65.49.237.39,4,4,0.00,386.09,0.00
65.49.237.114,4,4,0.00,386.89,0.00
65.49.237.237,4,4,0.00,387.00,0.00
65.49.237.237,4,4,0.00,387.08,0.00
65.49.237.39,4,4,0.00,387.32,0.00
65.49.237.39,4,4,0.00,387.33,0.00
65.9.42.112,4,4,0.00,388.07,0.00
65.49.237.8,4,4,0.00,388.14,0.00
65.49.237.39,4,4,0.00,388.19,0.00
65.49.237.39,4,4,0.00,388.43,0.00
65.49.236.53,4,4,0.00,388.74,0.00
65.49.237.39,4,4,0.00,389.32,0.00
65.49.237.39,4,4,0.00,389.45,0.00
65.49.237.39,4,4,0.00,389.83,0.00
65.49.237.237,4,4,0.00,389.84,0.00
65.49.236.151,4,4,0.00,389.84,0.00
65.49.236.151,4,4,0.00,389.96,0.00
65.49.237.39,4,4,0.00,390.32,0.00
65.49.237.39,4,4,0.00,390.45,0.00
65.49.237.39,4,4,0.00,390.71,0.00
65.49.237.39,4,4,0.00,391.01,0.00
65.49.237.39,4,4,0.00,391.79,0.00
65.49.236.71,4,4,0.00,392.74,0.00
65.49.236.153,4,4,0.00,393.53,0.00
65.49.236.53,4,4,0.00,393.56,0.00
65.49.237.8,4,4,0.00,394.19,0.00
65.49.237.39,4,4,0.00,394.34,0.00
65.49.236.71,4,4,0.00,394.83,0.00
65.49.237.237,4,4,0.00,394.84,0.00
65.49.237.237,4,4,0.00,394.90,0.00
65.49.237.8,4,4,0.00,395.22,0.00
103.35.190.29,4,4,0.00,395.49,0.00
65.49.237.237,4,4,0.00,395.56,0.00
188.253.17.14,4,4,0.00,395.65,0.00
65.49.237.39,4,4,0.00,395.81,0.00
65.49.237.39,4,4,0.00,396.49,0.00
47.245.38.121,4,4,0.00,397.07,0.00
65.49.237.39,4,4,0.00,397.08,0.00
13.249.166.70,4,4,0.00,397.77,0.00
65.49.237.39,4,4,0.00,397.85,0.00
65.49.237.39,4,4,0.00,397.89,0.00
65.49.237.39,4,4,0.00,397.94,0.00
65.49.237.39,4,4,0.00,398.04,0.00
65.49.237.39,4,4,0.00,398.34,0.00
65.49.236.151,4,4,0.00,398.71,0.00
188.253.17.178,4,4,0.00,399.46,0.00
65.49.237.8,4,4,0.00,400.91,0.00
65.49.237.39,4,4,0.00,402.19,0.00
65.49.237.8,4,4,0.00,402.76,0.00
65.49.237.237,4,4,0.00,402.83,0.00
47.245.14.0,4,4,0.00,403.01,0.00
65.49.237.39,4,4,0.00,403.15,0.00
65.49.237.39,4,4,0.00,403.84,0.00
65.49.237.39,4,4,0.00,404.23,0.00
65.49.237.39,4,4,0.00,404.31,0.00
65.49.237.39,4,4,0.00,406.75,0.00
65.49.237.8,4,4,0.00,408.62,0.00
116.206.93.143,4,4,0.00,408.86,0.00
65.49.237.39,4,4,0.00,409.06,0.00
65.49.237.173,4,4,0.00,409.18,0.00
65.49.237.39,4,4,0.00,409.23,0.00
65.49.237.8,4,4,0.00,409.35,0.00
65.49.237.39,4,4,0.00,410.13,0.00
65.49.237.39,4,4,0.00,410.19,0.00
65.49.237.237,4,4,0.00,410.45,0.00
65.49.237.8,4,4,0.00,412.40,0.00
65.49.237.173,4,4,0.00,412.47,0.00
65.49.237.39,4,4,0.00,412.63,0.00
65.49.237.237,4,4,0.00,413.24,0.00
65.49.237.39,4,4,0.00,413.87,0.00
65.49.237.39,4,4,0.00,414.01,0.00
65.49.237.39,4,4,0.00,414.43,0.00
65.49.237.39,4,4,0.00,414.81,0.00
65.49.237.39,4,4,0.00,415.07,0.00
65.49.237.39,4,4,0.00,415.26,0.00
65.49.237.237,4,4,0.00,416.04,0.00
43.206.213.88,4,4,0.00,416.35,0.00
184.26.43.47,4,4,0.00,416.86,0.00
65.49.237.39,4,4,0.00,417.07,0.00
65.49.236.71,4,4,0.00,417.10,0.00
65.49.237.8,4,4,0.00,418.47,0.00
65.49.237.237,4,4,0.00,419.95,0.00
65.49.236.53,4,4,0.00,421.54,0.00
65.49.237.39,4,4,0.00,421.59,0.00
65.49.237.39,4,4,0.00,421.79,0.00
65.49.237.237,4,4,0.00,421.84,0.00
65.49.237.237,4,4,0.00,422.01,0.00
65.49.237.39,4,4,0.00,423.35,0.00
65.49.236.53,4,4,0.00,423.65,0.00
65.49.236.153,4,4,0.00,424.59,0.00
65.49.237.237,4,4,0.00,425.33,0.00
65.49.237.237,4,4,0.00,425.59,0.00
20.243.121.22,4,4,0.00,425.97,0.00
65.49.237.173,4,4,0.00,425.98,0.00
65.49.237.39,4,4,0.00,429.41,0.00
65.49.237.237,4,4,0.00,430.81,0.00
43.153.174.232,4,4,0.00,430.85,0.00
65.49.237.39,4,4,0.00,433.68,0.00
65.49.237.237,4,4,0.00,436.76,0.00
65.49.237.8,4,4,0.00,437.08,0.00
65.49.236.53,4,4,0.00,438.32,0.00
65.49.237.173,4,4,0.00,440.16,0.00
43.206.213.88,4,4,0.00,441.03,0.00
23.2.37.155,4,4,0.00,441.21,0.00
65.49.237.39,4,4,0.00,442.77,0.00
65.9.37.99,4,4,0.00,443.19,0.00
65.49.237.8,4,4,0.00,443.78,0.00
65.49.237.39,4,4,0.00,444.46,0.00
65.49.236.53,4,4,0.00,444.99,0.00
46.232.54.136,4,4,0.00,446.76,0.00
65.49.237.8,4,4,0.00,447.64,0.00
65.49.236.71,4,4,0.00,447.83,0.00
65.49.237.237,4,4,0.00,447.94,0.00
65.49.237.237,4,4,0.00,448.18,0.00
65.49.237.237,4,4,0.00,449.10,0.00
65.49.237.237,4,4,0.00,450.26,0.00
65.49.237.39,4,4,0.00,451.02,0.00
65.49.237.39,4,4,0.00,451.08,0.00
43.207.86.22,4,4,0.00,451.17,0.00
65.49.237.39,4,4,0.00,451.17,0.00
65.49.237.237,4,4,0.00,451.19,0.00
65.49.236.71,4,4,0.00,451.20,0.00
65.49.236.53,4,4,0.00,452.43,0.00
154.92.9.5,4,4,0.00,452.57,0.00
65.49.236.151,4,4,0.00,453.87,0.00
65.49.237.39,4,4,0.00,454.46,0.00
65.49.236.53,4,4,0.00,454.47,0.00
65.49.237.237,4,4,0.00,455.45,0.00
65.49.237.39,4,4,0.00,455.86,0.00
65.49.237.39,4,4,0.00,456.07,0.00
65.49.236.151,4,4,0.00,456.18,0.00
65.49.237.39,4,4,0.00,456.70,0.00
2.18.157.173,4,4,0.00,456.95,0.00
65.49.237.39,4,4,0.00,457.20,0.00
65.49.237.39,4,4,0.00,458.61,0.00
65.49.237.39,4,4,0.00,459.11,0.00
65.49.237.39,4,4,0.00,459.35,0.00
65.49.236.71,4,4,0.00,459.60,0.00
65.49.237.39,4,4,0.00,459.79,0.00
203.138.197.82,4,4,0.00,460.11,0.00
65.49.236.71,4,4,0.00,460.28,0.00
65.49.237.8,4,4,0.00,460.46,0.00
65.49.237.39,4,4,0.00,461.08,0.00
163.43.80.62,4,4,0.00,461.39,0.00
65.49.237.173,4,4,0.00,461.47,0.00
65.49.237.39,4,4,0.00,461.61,0.00
65.49.237.237,4,4,0.00,461.67,0.00
65.49.237.173,4,4,0.00,461.86,0.00
154.92.9.2,4,4,0.00,462.08,0.00
65.49.236.53,4,4,0.00,464.25,0.00
65.49.237.39,4,4,0.00,464.45,0.00
65.49.237.237,4,4,0.00,464.45,0.00
65.49.236.53,4,4,0.00,464.51,0.00
65.49.237.237,4,4,0.00,464.95,0.00
65.49.237.237,4,4,0.00,466.72,0.00
65.49.237.237,4,4,0.00,467.10,0.00
65.49.237.173,4,4,0.00,467.27,0.00
65.49.237.237,4,4,0.00,467.35,0.00
65.49.236.53,4,4,0.00,467.36,0.00
65.49.237.173,4,4,0.00,467.79,0.00
65.49.237.39,4,4,0.00,468.68,0.00
65.49.236.53,4,4,0.00,468.83,0.00
65.49.236.53,4,4,0.00,469.33,0.00
65.49.236.53,4,4,0.00,469.46,0.00
65.49.237.237,4,4,0.00,471.57,0.00
45.88.193.44,4,4,0.00,471.78,0.00
65.49.236.53,4,4,0.00,473.31,0.00
65.49.236.53,4,4,0.00,474.03,0.00
65.49.236.153,4,4,0.00,474.34,0.00
65.49.237.237,4,4,0.00,474.67,0.00
65.49.237.39,4,4,0.00,474.79,0.00
65.49.237.173,4,4,0.00,475.03,0.00
65.49.236.53,4,4,0.00,475.18,0.00
65.49.237.237,4,4,0.00,475.19,0.00
65.49.236.53,4,4,0.00,475.90,0.00
65.49.237.237,4,4,0.00,476.03,0.00
65.49.236.53,4,4,0.00,476.16,0.00
65.49.236.53,4,4,0.00,476.16,0.00
65.49.236.53,4,4,0.00,476.16,0.00
65.49.237.237,4,4,0.00,476.19,0.00
65.49.237.237,4,4,0.00,476.20,0.00
65.49.236.53,4,4,0.00,476.24,0.00
65.49.237.237,4,4,0.00,476.76,0.00
65.49.237.237,4,4,0.00,476.93,0.00
65.49.237.237,4,4,0.00,477.00,0.00
65.49.237.173,4,4,0.00,477.48,0.00
65.49.237.39,4,4,0.00,477.75,0.00
65.49.236.53,4,4,0.00,479.55,0.00
65.49.237.173,4,4,0.00,480.14,0.00
65.49.236.53,4,4,0.00,480.25,0.00
65.49.237.173,4,4,0.00,480.27,0.00
65.49.237.39,4,4,0.00,480.69,0.00
65.49.236.53,4,4,0.00,480.76,0.00
65.49.237.237,4,4,0.00,481.13,0.00
65.49.237.237,4,4,0.00,481.20,0.00
154.92.9.5,4,4,0.00,481.83,0.00
65.49.236.53,4,4,0.00,482.03,0.00
65.49.236.71,4,4,0.00,482.09,0.00
65.49.236.53,4,4,0.00,482.18,0.00
65.49.237.173,4,4,0.00,482.30,0.00
154.92.9.0,4,4,0.00,482.43,0.00
65.49.236.53,4,4,0.00,482.76,0.00
65.49.237.39,4,4,0.00,482.89,0.00
18.172.52.30,4,4,0.00,483.05,0.00
65.49.237.39,4,4,0.00,483.69,0.00
65.49.237.39,4,4,0.00,485.17,0.00
65.49.237.237,4,4,0.00,485.81,0.00
65.49.237.237,4,4,0.00,485.88,0.00
65.49.236.53,4,4,0.00,486.00,0.00
65.49.236.151,4,4,0.00,486.83,0.00
65.49.237.173,4,4,0.00,486.93,0.00
65.49.237.39,4,4,0.00,487.23,0.00
154.92.9.1,4,4,0.00,487.55,0.00
65.49.236.53,4,4,0.00,488.11,0.00
65.49.237.39,4,4,0.00,488.36,0.00
65.49.237.39,4,4,0.00,490.96,0.00
154.92.9.1,4,4,0.00,491.40,0.00
116.206.93.236,4,4,0.00,491.71,0.00
65.49.236.71,4,4,0.00,492.01,0.00
65.49.237.8,4,4,0.00,492.42,0.00
65.49.237.39,4,4,0.00,494.58,0.00
65.49.237.173,4,4,0.00,496.15,0.00
65.49.237.114,4,4,0.00,497.17,0.00
65.49.237.39,4,4,0.00,498.30,0.00
46.232.55.84,4,4,0.00,499.30,0.00
195.245.241.219,4,4,0.00,500.18,0.00
65.49.237.39,4,4,0.00,500.88,0.00
65.49.236.53,4,4,0.00,501.97,0.00
65.49.237.173,4,4,0.00,502.60,0.00
154.92.9.3,4,4,0.00,503.53,0.00
154.92.9.4,4,4,0.00,503.89,0.00
139.162.86.134,4,4,0.00,506.16,0.00
4.241.98.122,4,4,0.00,506.35,0.00
65.49.237.39,4,4,0.00,507.06,0.00
65.49.237.8,4,4,0.00,507.17,0.00
65.49.237.8,4,4,0.00,507.17,0.00
154.92.9.0,4,4,0.00,507.39,0.00
65.49.237.39,4,4,0.00,508.34,0.00
65.49.237.8,4,4,0.00,508.69,0.00
65.49.237.8,4,4,0.00,509.31,0.00
65.49.237.39,4,4,0.00,509.84,0.00
65.49.237.39,4,4,0.00,510.56,0.00
65.49.236.71,4,4,0.00,511.05,0.00
154.92.9.5,4,4,0.00,511.34,0.00
139.162.86.134,4,4,0.00,512.31,0.00
65.49.237.39,4,4,0.00,513.07,0.00
65.49.237.39,4,4,0.00,513.59,0.00
65.49.236.151,4,4,0.00,514.39,0.00
65.49.237.39,4,4,0.00,514.69,0.00
65.49.237.8,4,4,0.00,514.71,0.00
65.49.237.39,4,4,0.00,515.02,0.00
154.92.9.0,4,4,0.00,515.38,0.00
65.49.236.151,4,4,0.00,515.66,0.00
65.49.237.39,4,4,0.00,515.71,0.00
65.49.237.39,4,4,0.00,516.01,0.00
65.49.237.39,4,4,0.00,516.25,0.00
65.49.237.39,4,4,0.00,516.74,0.00
65.49.237.173,4,4,0.00,517.08,0.00
65.49.237.39,4,4,0.00,517.11,0.00
18.65.190.95,4,4,0.00,517.30,0.00
65.49.237.8,4,4,0.00,517.68,0.00
65.49.237.8,4,4,0.00,517.88,0.00
65.49.237.39,4,4,0.00,519.91,0.00
65.49.237.39,4,4,0.00,520.59,0.00
65.49.236.151,4,4,0.00,521.06,0.00
65.49.237.8,4,4,0.00,521.08,0.00
65.49.236.153,4,4,0.00,521.36,0.00
65.49.237.39,4,4,0.00,521.44,0.00
65.49.237.173,4,4,0.00,522.06,0.00
156.238.18.6,4,4,0.00,523.59,0.00
65.49.236.71,4,4,0.00,523.91,0.00
103.231.75.182,4,4,0.00,524.23,0.00
209.146.100.120,4,4,0.00,527.66,0.00
154.92.9.2,4,4,0.00,531.44,0.00
18.172.39.200,4,4,0.00,533.38,0.00
57.181.35.118,4,4,0.00,534.63,0.00
154.92.9.0,4,4,0.00,536.93,0.00
154.92.9.2,4,4,0.00,542.99,0.00
154.92.9.3,4,4,0.00,547.26,0.00
154.92.9.3,4,4,0.00,558.69,0.00
43.133.183.243,4,4,0.00,566.53,0.00
154.92.9.5,4,4,0.00,571.22,0.00
209.146.100.162,4,4,0.00,578.45,0.00
103.231.73.117,4,4,0.00,581.70,0.00
154.92.9.3,4,4,0.00,585.15,0.00
154.92.9.4,4,4,0.00,626.80,0.00
154.92.9.1,4,4,0.00,630.68,0.00
154.92.9.3,4,4,0.00,649.97,0.00
23.211.177.250,4,4,0.00,655.19,0.00
154.92.9.2,4,4,0.00,658.79,0.00
188.253.18.81,4,4,0.00,661.42,0.00
154.92.9.5,4,4,0.00,667.40,0.00
65.49.237.173,4,3,0.25,65.83,0.00
65.49.236.53,4,3,0.25,78.37,0.00
65.49.237.173,4,3,0.25,89.65,0.00
65.49.236.151,4,3,0.25,100.28,0.00
65.49.237.8,4,3,0.25,103.51,0.00
65.49.236.151,4,3,0.25,105.58,0.00
65.49.236.151,4,3,0.25,107.16,0.00
65.49.237.173,4,3,0.25,107.34,0.00
65.49.237.39,4,3,0.25,109.37,0.00
65.49.237.237,4,3,0.25,109.55,0.00
65.49.237.8,4,3,0.25,110.05,0.00
65.49.237.237,4,3,0.25,110.30,0.00
65.49.237.237,4,3,0.25,112.49,0.00
65.49.237.237,4,3,0.25,112.51,0.00
65.49.237.39,4,3,0.25,112.62,0.00
65.49.236.151,4,3,0.25,116.61,0.00
65.49.237.39,4,3,0.25,116.92,0.00
103.115.41.139,4,3,0.25,117.21,0.00
65.49.237.39,4,3,0.25,117.99,0.00
65.49.237.237,4,3,0.25,118.17,0.00
65.49.237.173,4,3,0.25,119.11,0.00
65.49.237.39,4,3,0.25,119.84,0.00
65.49.236.53,4,3,0.25,119.85,0.00
65.49.236.53,4,3,0.25,122.01,0.00
65.49.236.53,4,3,0.25,122.09,0.00
65.49.236.53,4,3,0.25,123.30,0.00
65.49.236.151,4,3,0.25,125.34,0.00
65.49.236.71,4,3,0.25,125.39,0.00
65.49.237.39,4,3,0.25,125.75,0.00
65.49.237.39,4,3,0.25,126.02,0.00
65.49.237.237,4,3,0.25,127.23,0.00
65.49.236.151,4,3,0.25,128.18,0.00
65.49.237.39,4,3,0.25,129.02,0.00
65.49.237.237,4,3,0.25,129.52,0.00
65.49.237.173,4,3,0.25,129.56,0.00
109.61.83.242,4,3,0.25,130.62,0.00
65.49.237.173,4,3,0.25,132.65,0.00
65.49.236.151,4,3,0.25,132.81,0.00
65.49.236.151,4,3,0.25,134.37,0.00
65.49.237.237,4,3,0.25,134.44,0.00
65.49.237.237,4,3,0.25,135.18,0.00
65.49.237.39,4,3,0.25,135.83,0.00
65.49.236.53,4,3,0.25,135.88,0.00
65.49.237.8,4,3,0.25,137.28,0.00
65.49.237.237,4,3,0.25,137.73,0.00
65.49.237.39,4,3,0.25,138.18,0.00
65.49.237.39,4,3,0.25,138.39,0.00
65.49.237.173,4,3,0.25,138.49,0.00
65.49.237.237,4,3,0.25,138.73,0.00
65.49.236.151,4,3,0.25,138.75,0.00
65.49.236.71,4,3,0.25,138.95,0.00
65.49.236.151,4,3,0.25,140.49,0.00
65.49.236.151,4,3,0.25,140.68,0.00
65.49.237.237,4,3,0.25,140.81,0.00
65.49.236.151,4,3,0.25,142.46,0.00
65.49.237.237,4,3,0.25,142.51,0.00
65.49.237.173,4,3,0.25,142.63,0.00
65.49.237.173,4,3,0.25,142.79,0.00
65.49.237.237,4,3,0.25,143.24,0.00
65.49.236.53,4,3,0.25,143.71,0.00
65.49.237.237,4,3,0.25,143.97,0.00
65.49.237.237,4,3,0.25,144.05,0.00
65.49.236.53,4,3,0.25,144.06,0.00
65.49.237.237,4,3,0.25,144.10,0.00
65.49.237.39,4,3,0.25,144.39,0.00
65.49.237.8,4,3,0.25,145.91,0.00
65.49.237.173,4,3,0.25,145.92,0.00
65.49.236.151,4,3,0.25,146.18,0.00
65.49.236.151,4,3,0.25,147.08,0.00
65.49.237.39,4,3,0.25,147.28,0.00
65.49.237.237,4,3,0.25,147.32,0.00
65.49.237.237,4,3,0.25,147.53,0.00
65.49.237.39,4,3,0.25,147.86,0.00
65.49.236.53,4,3,0.25,148.22,0.00
65.49.237.237,4,3,0.25,148.40,0.00
65.49.237.8,4,3,0.25,148.54,0.00
65.49.237.237,4,3,0.25,149.20,0.00
65.49.237.173,4,3,0.25,149.73,0.00
65.49.236.151,4,3,0.25,149.74,0.00
65.49.237.237,4,3,0.25,150.13,0.00
65.49.237.8,4,3,0.25,150.83,0.00
65.49.236.53,4,3,0.25,151.18,0.00
65.49.236.53,4,3,0.25,151.27,0.00
65.49.236.53,4,3,0.25,151.62,0.00
65.49.237.173,4,3,0.25,151.77,0.00
65.49.237.237,4,3,0.25,152.66,0.00
65.49.237.173,4,3,0.25,152.96,0.00
65.49.236.151,4,3,0.25,153.08,0.00
46.232.54.217,4,3,0.25,153.22,0.00
65.49.237.237,4,3,0.25,153.51,0.00
65.49.237.237,4,3,0.25,155.37,0.00
65.49.236.53,4,3,0.25,155.97,0.00
65.49.237.237,4,3,0.25,155.97,0.00
65.49.236.153,4,3,0.25,156.69,0.00
65.49.237.173,4,3,0.25,156.70,0.00
65.49.237.173,4,3,0.25,156.85,0.00
65.49.237.237,4,3,0.25,156.94,0.00
65.49.236.53,4,3,0.25,157.01,0.00
65.49.237.237,4,3,0.25,157.17,0.00
65.49.237.237,4,3,0.25,157.45,0.00
65.49.236.53,4,3,0.25,158.01,0.00
65.49.237.237,4,3,0.25,158.30,0.00
65.49.237.39,4,3,0.25,158.69,0.00
65.49.236.53,4,3,0.25,158.95,0.00
65.49.236.53,4,3,0.25,159.05,0.00
65.49.237.237,4,3,0.25,159.14,0.00
65.49.237.237,4,3,0.25,159.48,0.00
13.227.62.80,4,3,0.25,159.75,0.00
65.49.237.173,4,3,0.25,160.07,0.00
65.49.237.114,4,3,0.25,160.09,0.00
65.49.237.237,4,3,0.25,160.14,0.00
156.231.116.38,4,3,0.25,160.26,0.00
65.49.237.237,4,3,0.25,160.54,0.00
65.49.237.173,4,3,0.25,161.13,0.00
65.49.236.53,4,3,0.25,161.36,0.00
65.49.237.237,4,3,0.25,161.94,0.00
65.49.237.8,4,3,0.25,162.05,0.00
65.49.236.151,4,3,0.25,162.43,0.00
65.49.236.151,4,3,0.25,162.61,0.00
65.49.237.173,4,3,0.25,163.77,0.00
65.49.237.237,4,3,0.25,164.28,0.00
65.49.236.151,4,3,0.25,164.54,0.00
65.49.237.237,4,3,0.25,164.68,0.00
65.49.236.151,4,3,0.25,164.84,0.00
65.49.237.173,4,3,0.25,165.20,0.00
65.49.236.151,4,3,0.25,165.75,0.00
49.212.207.226,4,3,0.25,165.82,0.00
65.49.236.71,4,3,0.25,165.83,0.00
65.49.237.237,4,3,0.25,166.30,0.00
65.49.237.114,4,3,0.25,166.72,0.00
65.49.237.237,4,3,0.25,167.07,0.00
65.49.236.151,4,3,0.25,167.09,0.00
137.220.181.239,4,3,0.25,167.29,0.00
65.49.236.53,4,3,0.25,167.42,0.00
65.49.236.151,4,3,0.25,170.17,0.00
65.49.237.237,4,3,0.25,170.20,0.00
65.49.237.173,4,3,0.25,170.27,0.00
65.49.237.8,4,3,0.25,170.59,0.00
65.49.236.151,4,3,0.25,170.75,0.00
65.49.237.237,4,3,0.25,170.87,0.00
5.226.48.218,4,3,0.25,172.23,0.00
65.49.236.153,4,3,0.25,172.77,0.00
65.49.237.173,4,3,0.25,173.12,0.00
65.49.236.71,4,3,0.25,173.93,0.00
65.49.237.39,4,3,0.25,174.57,0.00
65.49.237.173,4,3,0.25,174.73,0.00
133.242.196.109,4,3,0.25,174.76,0.00
20.18.107.84,4,3,0.25,174.90,0.00
65.49.236.151,4,3,0.25,175.26,0.00
65.49.236.151,4,3,0.25,175.56,0.00
65.49.236.151,4,3,0.25,175.74,0.00
65.49.236.151,4,3,0.25,175.91,0.00
156.231.113.118,4,3,0.25,176.65,0.00
65.49.237.39,4,3,0.25,176.94,0.00
65.49.236.151,4,3,0.25,177.08,0.00
65.49.236.71,4,3,0.25,177.27,0.00
65.49.237.237,4,3,0.25,177.27,0.00
20.46.117.106,4,3,0.25,177.79,0.00
45.159.48.212,4,3,0.25,178.80,0.00
65.49.237.8,4,3,0.25,180.80,0.00
65.49.236.153,4,3,0.25,180.88,0.00
20.18.107.84,4,3,0.25,181.01,0.00
65.49.237.237,4,3,0.25,181.25,0.00
65.49.236.151,4,3,0.25,181.43,0.00
65.49.237.8,4,3,0.25,182.32,0.00
8.216.81.13,4,3,0.25,182.33,0.00
65.49.236.53,4,3,0.25,182.45,0.00
212.52.0.10,4,3,0.25,183.28,0.00
65.49.236.53,4,3,0.25,183.41,0.00
65.49.236.151,4,3,0.25,183.81,0.00
65.49.236.153,4,3,0.25,184.15,0.00
65.49.236.71,4,3,0.25,185.47,0.00
65.49.236.151,4,3,0.25,185.87,0.00
65.49.237.237,4,3,0.25,186.63,0.00
65.49.236.71,4,3,0.25,186.71,0.00
34.146.88.165,4,3,0.25,187.17,0.00
65.49.237.8,4,3,0.25,187.34,0.00
65.49.237.173,4,3,0.25,187.37,0.00
65.49.237.237,4,3,0.25,187.66,0.00
65.49.236.71,4,3,0.25,187.86,0.00
149.28.28.149,4,3,0.25,188.26,0.00
65.49.236.151,4,3,0.25,189.54,0.00
156.231.112.248,4,3,0.25,190.30,0.00
65.49.237.114,4,3,0.25,190.33,0.00
65.49.237.8,4,3,0.25,190.43,0.00
65.49.237.237,4,3,0.25,190.70,0.00
18.65.214.37,4,3,0.25,190.71,0.00
65.49.237.237,4,3,0.25,191.02,0.00
65.49.237.173,4,3,0.25,192.06,0.00
65.49.237.237,4,3,0.25,192.07,0.00
65.49.236.71,4,3,0.25,192.09,0.00
65.49.237.8,4,3,0.25,192.11,0.00
65.49.237.237,4,3,0.25,192.15,0.00
65.49.237.237,4,3,0.25,192.18,0.00
65.49.236.71,4,3,0.25,192.81,0.00
65.9.42.17,4,3,0.25,193.85,0.00
143.204.126.89,4,3,0.25,193.86,0.00
65.49.237.8,4,3,0.25,193.88,0.00
156.231.112.27,4,3,0.25,193.94,0.00
65.49.236.153,4,3,0.25,193.99,0.00
65.49.237.39,4,3,0.25,194.72,0.00
65.49.237.8,4,3,0.25,194.86,0.00
65.49.236.71,4,3,0.25,194.91,0.00
65.49.237.8,4,3,0.25,195.81,0.00
65.49.237.8,4,3,0.25,196.50,0.00
65.49.236.71,4,3,0.25,196.63,0.00
65.49.237.237,4,3,0.25,196.95,0.00
65.49.237.237,4,3,0.25,197.16,0.00
65.49.237.237,4,3,0.25,198.18,0.00
65.49.237.114,4,3,0.25,198.75,0.00
65.49.237.8,4,3,0.25,199.35,0.00
65.49.236.71,4,3,0.25,200.28,0.00
65.49.236.151,4,3,0.25,200.33,0.00
65.49.237.173,4,3,0.25,200.75,0.00
18.65.199.121,4,3,0.25,201.68,0.00
13.227.56.209,4,3,0.25,202.08,0.00
65.49.236.151,4,3,0.25,202.21,0.00
65.49.237.8,4,3,0.25,202.54,0.00
65.49.237.237,4,3,0.25,203.01,0.00
18.172.39.11,4,3,0.25,203.13,0.00
18.65.216.90,4,3,0.25,203.93,0.00
65.49.237.237,4,3,0.25,203.95,0.00
65.49.237.237,4,3,0.25,204.02,0.00
65.49.237.173,4,3,0.25,204.04,0.00
65.49.237.114,4,3,0.25,204.28,0.00
65.49.237.173,4,3,0.25,204.35,0.00
65.49.236.151,4,3,0.25,204.69,0.00
34.146.88.165,4,3,0.25,205.18,0.00
18.65.190.101,4,3,0.25,205.19,0.00
65.49.236.151,4,3,0.25,205.24,0.00
65.49.236.53,4,3,0.25,205.28,0.00
65.49.237.114,4,3,0.25,205.53,0.00
65.49.237.173,4,3,0.25,206.05,0.00
65.49.237.173,4,3,0.25,206.20,0.00
65.49.237.237,4,3,0.25,206.34,0.00
65.49.237.237,4,3,0.25,206.99,0.00
65.49.237.237,4,3,0.25,207.30,0.00
18.172.52.86,4,3,0.25,207.66,0.00
65.49.237.173,4,3,0.25,208.04,0.00
65.49.237.39,4,3,0.25,208.39,0.00
65.49.237.173,4,3,0.25,208.43,0.00
137.220.150.184,4,3,0.25,208.57,0.00
65.49.237.114,4,3,0.25,208.63,0.00
156.231.116.187,4,3,0.25,208.64,0.00
65.49.236.151,4,3,0.25,208.91,0.00
45.159.48.212,4,3,0.25,209.02,0.00
52.185.186.188,4,3,0.25,209.04,0.00
65.49.237.8,4,3,0.25,210.21,0.00
65.49.236.151,4,3,0.25,210.51,0.00
65.49.237.237,4,3,0.25,210.65,0.00
3.112.14.34,4,3,0.25,211.07,0.00
13.78.93.95,4,3,0.25,211.14,0.00
52.194.255.67,4,3,0.25,212.15,0.00
65.49.237.237,4,3,0.25,212.98,0.00
65.49.237.237,4,3,0.25,213.14,0.00
18.65.168.129,4,3,0.25,213.97,0.00
65.49.237.173,4,3,0.25,214.83,0.00
65.49.236.71,4,3,0.25,214.98,0.00
13.227.62.12,4,3,0.25,215.03,0.00
65.49.236.153,4,3,0.25,215.43,0.00
8.216.125.98,4,3,0.25,215.48,0.00
18.65.216.47,4,3,0.25,216.21,0.00
85.113.70.132,4,3,0.25,216.41,0.00
18.65.168.65,4,3,0.25,217.32,0.00
18.65.190.11,4,3,0.25,217.44,0.00
65.49.236.153,4,3,0.25,217.45,0.00
65.49.236.71,4,3,0.25,217.61,0.00
65.49.237.173,4,3,0.25,217.82,0.00
65.49.237.237,4,3,0.25,218.49,0.00
65.49.236.53,4,3,0.25,218.97,0.00
65.49.237.39,4,3,0.25,219.53,0.00
65.49.237.237,4,3,0.25,219.59,0.00
99.84.50.130,4,3,0.25,219.70,0.00
65.49.237.237,4,3,0.25,219.88,0.00
65.49.236.71,4,3,0.25,219.90,0.00
43.133.1.53,4,3,0.25,220.77,0.00
23.47.122.207,4,3,0.25,221.01,0.00
65.49.237.8,4,3,0.25,221.17,0.00
65.49.237.173,4,3,0.25,221.20,0.00
65.49.237.114,4,3,0.25,221.36,0.00
65.49.237.8,4,3,0.25,221.50,0.00
65.49.237.237,4,3,0.25,221.86,0.00
154.40.63.72,4,3,0.25,222.02,0.00
154.40.62.51,4,3,0.25,222.70,0.00
65.49.237.173,4,3,0.25,223.09,0.00
65.49.236.151,4,3,0.25,223.67,0.00
172.105.242.122,4,3,0.25,223.87,0.00
13.249.166.219,4,3,0.25,224.00,0.00
65.49.237.237,4,3,0.25,224.49,0.00
65.49.237.173,4,3,0.25,225.13,0.00
65.49.237.39,4,3,0.25,225.25,0.00
18.172.39.196,4,3,0.25,225.30,0.00
65.49.237.237,4,3,0.25,225.41,0.00
18.65.199.48,4,3,0.25,226.31,0.00
65.49.236.53,4,3,0.25,226.33,0.00
23.215.46.207,4,3,0.25,226.55,0.00
65.49.236.53,4,3,0.25,227.10,0.00
65.49.236.71,4,3,0.25,227.19,0.00
99.84.55.23,4,3,0.25,228.12,0.00
65.49.237.173,4,3,0.25,228.15,0.00
65.49.237.237,4,3,0.25,228.20,0.00
65.49.237.237,4,3,0.25,228.58,0.00
65.49.237.173,4,3,0.25,228.70,0.00
65.49.237.39,4,3,0.25,228.88,0.00
65.49.237.237,4,3,0.25,229.97,0.00
54.248.213.101,4,3,0.25,229.98,0.00
99.84.55.123,4,3,0.25,230.72,0.00
65.49.236.71,4,3,0.25,231.21,0.00
65.49.237.237,4,3,0.25,231.34,0.00
65.49.237.173,4,3,0.25,231.75,0.00
65.49.236.53,4,3,0.25,231.87,0.00
65.49.236.71,4,3,0.25,232.15,0.00
65.49.237.173,4,3,0.25,232.52,0.00
65.49.237.173,4,3,0.25,233.11,0.00
65.49.237.173,4,3,0.25,233.20,0.00
65.49.237.237,4,3,0.25,233.79,0.00
47.245.41.242,4,3,0.25,234.21,0.00
65.49.236.71,4,3,0.25,234.35,0.00
65.49.237.173,4,3,0.25,234.55,0.00
65.49.237.237,4,3,0.25,234.84,0.00
65.49.237.173,4,3,0.25,235.49,0.00
65.49.237.114,4,3,0.25,235.71,0.00
65.49.237.237,4,3,0.25,235.81,0.00
65.49.237.8,4,3,0.25,236.50,0.00
65.49.237.39,4,3,0.25,236.50,0.00
65.49.237.8,4,3,0.25,236.65,0.00
65.49.236.151,4,3,0.25,237.12,0.00
65.49.237.173,4,3,0.25,237.23,0.00
139.162.118.83,4,3,0.25,237.68,0.00
65.49.237.237,4,3,0.25,237.86,0.00
18.65.207.114,4,3,0.25,238.22,0.00
65.49.237.39,4,3,0.25,238.25,0.00
65.49.237.173,4,3,0.25,238.42,0.00
137.220.181.239,4,3,0.25,238.69,0.00
65.49.237.173,4,3,0.25,238.82,0.00
65.49.237.114,4,3,0.25,239.08,0.00
13.227.56.109,4,3,0.25,239.16,0.00
45.66.131.176,4,3,0.25,239.48,0.00
65.49.236.151,4,3,0.25,239.66,0.00
65.49.236.71,4,3,0.25,239.68,0.00
65.49.237.173,4,3,0.25,239.87,0.00
65.49.237.173,4,3,0.25,240.30,0.00
65.49.237.237,4,3,0.25,240.38,0.00
18.65.214.69,4,3,0.25,240.93,0.00
65.49.237.173,4,3,0.25,241.54,0.00
65.49.237.173,4,3,0.25,241.78,0.00
65.49.237.173,4,3,0.25,241.86,0.00
65.49.236.71,4,3,0.25,242.95,0.00
54.248.75.19,4,3,0.25,242.99,0.00
65.49.237.39,4,3,0.25,243.09,0.00
65.49.237.114,4,3,0.25,243.23,0.00
65.49.237.173,4,3,0.25,243.38,0.00
65.49.237.173,4,3,0.25,244.25,0.00
65.49.237.39,4,3,0.25,244.58,0.00
65.49.237.39,4,3,0.25,244.91,0.00
13.115.47.65,4,3,0.25,245.00,0.00
65.49.237.173,4,3,0.25,245.32,0.00
65.49.237.237,4,3,0.25,246.06,0.00
65.49.237.114,4,3,0.25,246.33,0.00
123.108.70.149,4,3,0.25,247.04,0.00
65.49.237.173,4,3,0.25,247.74,0.00
65.49.237.173,4,3,0.25,247.93,0.00
65.49.237.173,4,3,0.25,249.21,0.00
172.105.212.115,4,3,0.25,250.11,0.00
13.227.62.124,4,3,0.25,250.17,0.00
193.32.150.200,4,3,0.25,250.41,0.00
65.49.237.237,4,3,0.25,250.80,0.00
158.101.153.210,4,3,0.25,252.59,0.00
156.231.112.248,4,3,0.25,253.12,0.00
138.3.209.104,4,3,0.25,253.14,0.00
65.49.236.71,4,3,0.25,253.24,0.00
65.49.236.153,4,3,0.25,254.31,0.00
65.49.236.53,4,3,0.25,254.64,0.00
65.49.237.237,4,3,0.25,254.67,0.00
65.49.237.173,4,3,0.25,254.81,0.00
172.105.212.115,4,3,0.25,254.89,0.00
65.49.237.237,4,3,0.25,255.53,0.00
65.49.236.53,4,3,0.25,255.72,0.00
13.35.51.165,4,3,0.25,255.98,0.00
65.49.237.8,4,3,0.25,256.04,0.00
3.115.150.201,4,3,0.25,256.10,0.00
20.222.226.158,4,3,0.25,256.50,0.00
18.172.50.164,4,3,0.25,257.25,0.00
65.49.236.53,4,3,0.25,257.58,0.00
154.92.9.1,4,3,0.25,257.83,0.00
13.114.63.189,4,3,0.25,257.89,0.00
47.74.13.129,4,3,0.25,258.38,0.00
65.49.236.53,4,3,0.25,258.70,0.00
65.49.236.71,4,3,0.25,258.75,0.00
65.49.237.237,4,3,0.25,258.84,0.00
18.65.171.37,4,3,0.25,259.19,0.00
65.49.237.8,4,3,0.25,261.10,0.00
158.101.157.98,4,3,0.25,261.59,0.00
65.49.237.237,4,3,0.25,261.66,0.00
65.49.236.71,4,3,0.25,262.36,0.00
18.65.199.66,4,3,0.25,263.76,0.00
65.49.236.71,4,3,0.25,264.12,0.00
65.49.237.114,4,3,0.25,264.12,0.00
65.49.236.153,4,3,0.25,264.27,0.00
45.143.233.196,4,3,0.25,264.47,0.00
65.49.236.53,4,3,0.25,264.60,0.00
150.230.207.188,4,3,0.25,266.68,0.00
45.77.21.193,4,3,0.25,266.89,0.00
137.220.150.92,4,3,0.25,266.93,0.00
65.49.237.8,4,3,0.25,267.05,0.00
158.101.141.78,4,3,0.25,267.24,0.00
23.215.44.207,4,3,0.25,267.54,0.00
65.49.236.71,4,3,0.25,268.03,0.00
103.24.204.63,4,3,0.25,268.17,0.00
65.49.237.8,4,3,0.25,269.48,0.00
131.186.60.210,4,3,0.25,274.40,0.00
13.231.158.213,4,3,0.25,274.93,0.00
65.49.236.71,4,3,0.25,275.38,0.00
65.49.236.71,4,3,0.25,275.98,0.00
35.77.89.174,4,3,0.25,276.32,0.00
18.65.207.24,4,3,0.25,276.90,0.00
65.49.237.114,4,3,0.25,277.04,0.00
65.49.236.153,4,3,0.25,277.14,0.00
20.78.66.86,4,3,0.25,278.19,0.00
65.49.236.71,4,3,0.25,278.30,0.00
65.49.237.237,4,3,0.25,279.58,0.00
18.172.31.14,4,3,0.25,280.07,0.00
43.163.217.250,4,3,0.25,280.57,0.00
13.249.160.128,4,3,0.25,281.35,0.00
65.49.236.53,4,3,0.25,281.38,0.00
65.49.237.8,4,3,0.25,282.54,0.00
209.146.103.96,4,3,0.25,282.84,0.00
65.49.236.71,4,3,0.25,282.95,0.00
18.172.39.71,4,3,0.25,283.01,0.00
65.49.236.153,4,3,0.25,283.78,0.00
65.49.236.71,4,3,0.25,284.19,0.00
18.65.216.109,4,3,0.25,284.30,0.00
65.49.236.151,4,3,0.25,284.72,0.00
23.192.47.146,4,3,0.25,284.95,0.00
65.49.236.53,4,3,0.25,285.71,0.00
65.49.236.53,4,3,0.25,285.93,0.00
65.49.237.8,4,3,0.25,286.17,0.00
65.49.237.8,4,3,0.25,286.22,0.00
188.253.25.110,4,3,0.25,287.09,0.00
18.65.214.83,4,3,0.25,287.78,0.00
209.146.102.213,4,3,0.25,288.43,0.00
65.49.236.151,4,3,0.25,290.29,0.00
65.49.237.8,4,3,0.25,290.44,0.00
65.49.236.71,4,3,0.25,290.88,0.00
65.49.237.237,4,3,0.25,291.03,0.00
52.193.145.213,4,3,0.25,291.29,0.00
65.49.236.53,4,3,0.25,291.76,0.00
13.227.56.121,4,3,0.25,291.93,0.00
13.115.47.65,4,3,0.25,292.29,0.00
65.49.236.53,4,3,0.25,294.00,0.00
140.227.176.149,4,3,0.25,294.45,0.00
65.49.236.151,4,3,0.25,294.49,0.00
65.49.237.237,4,3,0.25,294.94,0.00
13.114.109.69,4,3,0.25,296.79,0.00
65.49.236.71,4,3,0.25,297.20,0.00
65.49.237.237,4,3,0.25,297.43,0.00
18.65.190.195,4,3,0.25,297.65,0.00
65.49.236.53,4,3,0.25,297.79,0.00
65.49.237.8,4,3,0.25,298.18,0.00
65.49.236.53,4,3,0.25,298.84,0.00
65.49.236.71,4,3,0.25,299.27,0.00
65.49.237.114,4,3,0.25,299.47,0.00
65.49.237.237,4,3,0.25,299.65,0.00
65.49.237.237,4,3,0.25,300.03,0.00
65.49.237.237,4,3,0.25,300.16,0.00
65.49.236.151,4,3,0.25,300.18,0.00
65.49.237.8,4,3,0.25,300.54,0.00
18.65.190.70,4,3,0.25,301.90,0.00
65.49.237.237,4,3,0.25,302.31,0.00
65.49.237.39,4,3,0.25,302.65,0.00
154.16.248.177,4,3,0.25,303.62,0.00
209.146.102.39,4,3,0.25,304.23,0.00
18.65.199.33,4,3,0.25,304.26,0.00
65.49.236.153,4,3,0.25,304.54,0.00
209.146.100.237,4,3,0.25,304.73,0.00
65.49.236.71,4,3,0.25,305.44,0.00
65.49.236.53,4,3,0.25,306.30,0.00
18.172.50.193,4,3,0.25,306.54,0.00
65.49.237.39,4,3,0.25,306.60,0.00
13.35.49.100,4,3,0.25,307.10,0.00
65.49.236.153,4,3,0.25,307.43,0.00
13.35.45.104,4,3,0.25,307.47,0.00
65.49.237.8,4,3,0.25,308.12,0.00
209.146.103.137,4,3,0.25,308.25,0.00
154.92.9.0,4,3,0.25,308.82,0.00
65.49.236.71,4,3,0.25,308.94,0.00
65.49.237.237,4,3,0.25,309.04,0.00
65.49.236.71,4,3,0.25,309.43,0.00
65.49.236.53,4,3,0.25,310.35,0.00
65.49.236.151,4,3,0.25,310.35,0.00
65.49.236.153,4,3,0.25,310.81,0.00
65.49.237.237,4,3,0.25,310.89,0.00
65.49.236.71,4,3,0.25,311.06,0.00
154.92.9.0,4,3,0.25,311.34,0.00
65.49.237.237,4,3,0.25,311.61,0.00
65.49.236.71,4,3,0.25,312.04,0.00
154.92.9.166,4,3,0.25,312.10,0.00
65.49.237.237,4,3,0.25,312.22,0.00
65.49.236.71,4,3,0.25,313.05,0.00
65.49.237.237,4,3,0.25,313.53,0.00
5.8.71.96,4,3,0.25,313.63,0.00
65.49.236.71,4,3,0.25,314.71,0.00
65.49.236.71,4,3,0.25,314.81,0.00
65.49.236.71,4,3,0.25,314.88,0.00
18.172.52.63,4,3,0.25,315.14,0.00
65.49.236.71,4,3,0.25,316.23,0.00
65.49.236.71,4,3,0.25,316.62,0.00
23.209.45.50,4,3,0.25,316.89,0.00
65.49.236.71,4,3,0.25,318.24,0.00
65.49.237.237,4,3,0.25,319.15,0.00
65.49.237.173,4,3,0.25,320.51,0.00
18.65.171.197,4,3,0.25,320.61,0.00
103.35.189.133,4,3,0.25,320.73,0.00
38.47.125.135,4,3,0.25,320.95,0.00
65.49.237.173,4,3,0.25,321.54,0.00
54.199.223.143,4,3,0.25,321.66,0.00
149.28.19.108,4,3,0.25,322.11,0.00
65.49.236.71,4,3,0.25,322.50,0.00
65.49.237.237,4,3,0.25,322.82,0.00
65.49.236.53,4,3,0.25,323.57,0.00
65.49.236.71,4,3,0.25,324.51,0.00
188.253.25.173,4,3,0.25,324.85,0.00
140.83.38.172,4,3,0.25,326.44,0.00
3.113.235.16,4,3,0.25,326.97,0.00
65.49.236.71,4,3,0.25,327.10,0.00
141.147.174.243,4,3,0.25,327.35,0.00
65.49.237.237,4,3,0.25,327.43,0.00
65.49.237.173,4,3,0.25,327.86,0.00
65.49.237.237,4,3,0.25,327.89,0.00
65.49.236.71,4,3,0.25,328.76,0.00
65.49.236.71,4,3,0.25,329.21,0.00
65.49.236.71,4,3,0.25,329.30,0.00
155.248.187.121,4,3,0.25,330.25,0.00
65.49.236.71,4,3,0.25,330.48,0.00
65.49.237.237,4,3,0.25,330.52,0.00
18.172.50.13,4,3,0.25,330.56,0.00
65.49.236.71,4,3,0.25,331.49,0.00
65.49.236.53,4,3,0.25,331.75,0.00
65.49.236.53,4,3,0.25,333.14,0.00
137.220.130.105,4,3,0.25,334.21,0.00
65.49.237.8,4,3,0.25,334.39,0.00
65.49.237.237,4,3,0.25,336.70,0.00
65.49.236.71,4,3,0.25,336.78,0.00
65.49.236.71,4,3,0.25,338.03,0.00
23.35.120.20,4,3,0.25,338.17,0.00
65.49.237.237,4,3,0.25,338.21,0.00
65.49.236.71,4,3,0.25,338.28,0.00
13.249.166.136,4,3,0.25,338.79,0.00
65.49.236.151,4,3,0.25,338.87,0.00
65.49.237.8,4,3,0.25,338.88,0.00
65.49.237.8,4,3,0.25,339.17,0.00
65.49.237.8,4,3,0.25,339.55,0.00
65.49.236.151,4,3,0.25,339.90,0.00
65.49.236.53,4,3,0.25,339.94,0.00
65.49.236.53,4,3,0.25,340.25,0.00
65.49.236.151,4,3,0.25,341.37,0.00
65.49.237.8,4,3,0.25,341.60,0.00
65.49.236.151,4,3,0.25,341.75,0.00
65.49.236.151,4,3,0.25,342.07,0.00
18.179.221.210,4,3,0.25,342.83,0.00
65.49.236.71,4,3,0.25,342.91,0.00
65.49.237.173,4,3,0.25,343.00,0.00
65.49.237.173,4,3,0.25,343.42,0.00
65.49.236.151,4,3,0.25,343.74,0.00
65.49.237.237,4,3,0.25,343.93,0.00
65.49.237.8,4,3,0.25,344.31,0.00
65.49.236.151,4,3,0.25,344.33,0.00
65.49.236.151,4,3,0.25,345.27,0.00
18.65.190.144,4,3,0.25,345.49,0.00
65.49.236.151,4,3,0.25,345.52,0.00
65.49.236.151,4,3,0.25,345.56,0.00
65.49.236.151,4,3,0.25,345.68,0.00
65.49.236.151,4,3,0.25,346.00,0.00
13.35.49.73,4,3,0.25,346.27,0.00
65.49.236.53,4,3,0.25,346.49,0.00
65.49.237.8,4,3,0.25,346.61,0.00
65.49.236.151,4,3,0.25,346.65,0.00
65.49.236.71,4,3,0.25,348.06,0.00
65.49.236.151,4,3,0.25,348.45,0.00
65.49.237.8,4,3,0.25,348.46,0.00
65.49.236.71,4,3,0.25,348.59,0.00
65.49.237.8,4,3,0.25,348.60,0.00
65.49.237.237,4,3,0.25,348.87,0.00
65.49.237.237,4,3,0.25,349.67,0.00
65.49.237.237,4,3,0.25,350.11,0.00
65.49.237.237,4,3,0.25,350.19,0.00
65.49.237.8,4,3,0.25,351.00,0.00
65.49.236.53,4,3,0.25,351.08,0.00
65.49.236.71,4,3,0.25,351.40,0.00
65.49.237.8,4,3,0.25,351.76,0.00
65.49.237.8,4,3,0.25,352.00,0.00
65.49.236.71,4,3,0.25,352.40,0.00
65.49.237.237,4,3,0.25,352.44,0.00
65.49.237.8,4,3,0.25,352.61,0.00
65.49.236.151,4,3,0.25,352.65,0.00
65.49.237.8,4,3,0.25,352.86,0.00
65.49.237.173,4,3,0.25,353.53,0.00
65.49.237.8,4,3,0.25,353.99,0.00
65.49.237.8,4,3,0.25,354.06,0.00
65.49.236.53,4,3,0.25,354.52,0.00
156.231.11.250,4,3,0.25,354.82,0.00
65.49.237.39,4,3,0.25,355.05,0.00
65.49.236.53,4,3,0.25,355.34,0.00
18.172.52.29,4,3,0.25,355.52,0.00
65.49.236.53,4,3,0.25,355.99,0.00
65.49.237.173,4,3,0.25,356.00,0.00
65.49.237.8,4,3,0.25,356.41,0.00
18.172.39.27,4,3,0.25,356.83,0.00
65.49.237.237,4,3,0.25,357.36,0.00
65.49.236.53,4,3,0.25,357.43,0.00
65.49.237.8,4,3,0.25,357.58,0.00
65.49.237.39,4,3,0.25,358.06,0.00
65.49.236.151,4,3,0.25,358.29,0.00
65.49.237.39,4,3,0.25,359.09,0.00
65.49.237.39,4,3,0.25,359.23,0.00
65.49.237.237,4,3,0.25,359.66,0.00
65.49.237.8,4,3,0.25,359.97,0.00
23.192.47.82,4,3,0.25,359.99,0.00
65.49.237.237,4,3,0.25,360.35,0.00
65.49.236.153,4,3,0.25,360.44,0.00
65.49.237.237,4,3,0.25,361.42,0.00
18.65.214.51,4,3,0.25,361.51,0.00
65.49.237.39,4,3,0.25,361.70,0.00
18.176.247.73,4,3,0.25,361.87,0.00
65.49.237.237,4,3,0.25,361.99,0.00
65.49.237.237,4,3,0.25,362.12,0.00
65.49.237.237,4,3,0.25,362.41,0.00
65.9.42.63,4,3,0.25,362.49,0.00
65.49.237.237,4,3,0.25,362.52,0.00
65.49.237.8,4,3,0.25,363.29,0.00
65.49.237.8,4,3,0.25,363.38,0.00
65.49.236.151,4,3,0.25,363.78,0.00
65.49.237.173,4,3,0.25,363.98,0.00
65.49.237.173,4,3,0.25,364.01,0.00
45.88.193.7,4,3,0.25,364.23,0.00
65.49.237.39,4,3,0.25,364.58,0.00
65.49.237.8,4,3,0.25,364.76,0.00
65.49.237.237,4,3,0.25,364.77,0.00
65.49.236.71,4,3,0.25,365.06,0.00
65.49.237.237,4,3,0.25,365.07,0.00
65.49.236.71,4,3,0.25,365.67,0.00
65.49.236.153,4,3,0.25,365.69,0.00
65.9.37.126,4,3,0.25,366.14,0.00
65.49.237.237,4,3,0.25,366.19,0.00
65.49.236.151,4,3,0.25,366.41,0.00
65.49.236.53,4,3,0.25,367.85,0.00
65.49.237.173,4,3,0.25,367.91,0.00
65.49.237.237,4,3,0.25,368.05,0.00
65.49.237.39,4,3,0.25,368.07,0.00
65.49.237.173,4,3,0.25,368.24,0.00
158.101.153.210,4,3,0.25,368.25,0.00
65.49.237.39,4,3,0.25,368.63,0.00
65.49.237.8,4,3,0.25,368.78,0.00
65.49.236.71,4,3,0.25,368.83,0.00
65.49.236.71,4,3,0.25,369.17,0.00
65.49.237.39,4,3,0.25,369.79,0.00
65.49.237.8,4,3,0.25,369.95,0.00
65.49.237.8,4,3,0.25,370.75,0.00
65.49.236.151,4,3,0.25,370.81,0.00
103.35.191.246,4,3,0.25,371.05,0.00
65.49.237.39,4,3,0.25,371.28,0.00
65.49.237.8,4,3,0.25,371.37,0.00
65.49.237.173,4,3,0.25,371.65,0.00
65.49.237.8,4,3,0.25,372.31,0.00
65.49.237.8,4,3,0.25,372.35,0.00
65.49.236.153,4,3,0.25,372.66,0.00
65.49.237.39,4,3,0.25,372.98,0.00
65.49.236.53,4,3,0.25,373.10,0.00
65.49.237.8,4,3,0.25,373.11,0.00
65.49.236.71,4,3,0.25,373.36,0.00
156.231.11.180,4,3,0.25,373.92,0.00
5.180.45.107,4,3,0.25,374.73,0.00
65.49.236.151,4,3,0.25,374.85,0.00
65.49.237.237,4,3,0.25,375.26,0.00
65.49.237.39,4,3,0.25,375.59,0.00
65.49.236.71,4,3,0.25,375.68,0.00
89.187.28.78,4,3,0.25,376.18,0.00
65.49.237.39,4,3,0.25,376.26,0.00
23.193.170.58,4,3,0.25,376.45,0.00
65.49.237.237,4,3,0.25,376.71,0.00
65.49.236.151,4,3,0.25,376.72,0.00
65.49.237.39,4,3,0.25,376.96,0.00
147.78.242.245,4,3,0.25,378.25,0.00
65.49.237.39,4,3,0.25,378.38,0.00
103.117.102.91,4,3,0.25,378.40,0.00
65.49.237.237,4,3,0.25,379.57,0.00
65.49.237.39,4,3,0.25,379.97,0.00
65.49.237.173,4,3,0.25,380.00,0.00
65.49.237.39,4,3,0.25,380.15,0.00
141.147.169.245,4,3,0.25,380.53,0.00
65.49.237.39,4,3,0.25,380.89,0.00
65.49.236.53,4,3,0.25,381.15,0.00
65.49.237.39,4,3,0.25,382.09,0.00
65.49.237.114,4,3,0.25,382.56,0.00
65.49.237.173,4,3,0.25,383.00,0.00
65.49.236.151,4,3,0.25,383.24,0.00
65.49.236.71,4,3,0.25,384.06,0.00
65.49.237.39,4,3,0.25,384.60,0.00
13.35.70.205,4,3,0.25,384.70,0.00
65.49.236.151,4,3,0.25,384.73,0.00
65.49.236.71,4,3,0.25,385.19,0.00
65.49.237.39,4,3,0.25,385.50,0.00
13.227.62.10,4,3,0.25,385.62,0.00
65.49.236.53,4,3,0.25,386.29,0.00
23.35.120.20,4,3,0.25,387.35,0.00
65.49.236.53,4,3,0.25,387.36,0.00
65.49.237.39,4,3,0.25,388.38,0.00
65.49.237.39,4,3,0.25,389.12,0.00
65.49.237.237,4,3,0.25,389.87,0.00
65.49.237.39,4,3,0.25,389.89,0.00
65.49.237.39,4,3,0.25,389.98,0.00
65.49.236.53,4,3,0.25,390.65,0.00
65.49.237.237,4,3,0.25,391.81,0.00
13.227.62.77,4,3,0.25,392.40,0.00
65.49.236.53,4,3,0.25,392.63,0.00
65.49.237.39,4,3,0.25,392.97,0.00
65.49.237.39,4,3,0.25,393.27,0.00
65.49.237.39,4,3,0.25,393.63,0.00
65.49.237.39,4,3,0.25,393.81,0.00
158.101.95.65,4,3,0.25,394.46,0.00
65.49.237.173,4,3,0.25,394.96,0.00
65.49.237.39,4,3,0.25,395.39,0.00
65.49.237.237,4,3,0.25,396.32,0.00
20.48.60.125,4,3,0.25,396.66,0.00
65.49.237.39,4,3,0.25,396.89,0.00
18.181.35.42,4,3,0.25,397.17,0.00
156.231.116.38,4,3,0.25,397.57,0.00
65.49.237.39,4,3,0.25,398.11,0.00
65.49.237.39,4,3,0.25,398.55,0.00
65.49.237.173,4,3,0.25,398.95,0.00
65.49.237.39,4,3,0.25,399.05,0.00
65.49.237.39,4,3,0.25,399.74,0.00
4.241.91.156,4,3,0.25,400.01,0.00
65.49.237.39,4,3,0.25,400.09,0.00
65.49.237.39,4,3,0.25,400.11,0.00
65.49.237.173,4,3,0.25,400.25,0.00
13.231.233.34,4,3,0.25,400.65,0.00
65.49.237.237,4,3,0.25,400.78,0.00
188.253.16.90,4,3,0.25,400.90,0.00
154.92.9.3,4,3,0.25,401.87,0.00
65.49.237.39,4,3,0.25,402.22,0.00
43.207.113.84,4,3,0.25,402.33,0.00
65.49.237.39,4,3,0.25,403.01,0.00
65.49.237.39,4,3,0.25,403.98,0.00
18.172.39.224,4,3,0.25,404.51,0.00
23.195.128.207,4,3,0.25,407.29,0.00
193.32.150.90,4,3,0.25,407.36,0.00
103.231.75.115,4,3,0.25,409.38,0.00
65.49.237.8,4,3,0.25,409.89,0.00
65.49.236.153,4,3,0.25,410.24,0.00
43.207.165.243,4,3,0.25,411.30,0.00
5.180.45.91,4,3,0.25,411.89,0.00
65.49.236.151,4,3,0.25,412.76,0.00
188.253.25.15,4,3,0.25,414.46,0.00
65.49.237.8,4,3,0.25,414.78,0.00
65.49.237.8,4,3,0.25,415.54,0.00
13.230.81.62,4,3,0.25,415.56,0.00
65.49.236.53,4,3,0.25,415.57,0.00
65.49.237.39,4,3,0.25,416.34,0.00
65.49.237.237,4,3,0.25,416.83,0.00
65.49.237.237,4,3,0.25,417.93,0.00
43.207.140.73,4,3,0.25,418.80,0.00
35.77.220.165,4,3,0.25,419.81,0.00
65.49.237.39,4,3,0.25,420.26,0.00
131.186.33.175,4,3,0.25,421.17,0.00
65.49.236.153,4,3,0.25,421.34,0.00
45.66.131.217,4,3,0.25,421.69,0.00
65.49.236.71,4,3,0.25,421.93,0.00
65.49.236.53,4,3,0.25,422.33,0.00
209.146.100.156,4,3,0.25,423.14,0.00
65.49.236.53,4,3,0.25,423.47,0.00
65.49.236.53,4,3,0.25,424.10,0.00
65.49.236.151,4,3,0.25,424.64,0.00
65.49.237.237,4,3,0.25,426.30,0.00
65.49.237.237,4,3,0.25,426.35,0.00
167.179.68.52,4,3,0.25,427.13,0.00
65.49.237.39,4,3,0.25,427.41,0.00
65.49.237.237,4,3,0.25,427.90,0.00
23.33.32.243,4,3,0.25,427.96,0.00
65.49.237.8,4,3,0.25,427.98,0.00
147.78.246.123,4,3,0.25,428.91,0.00
65.49.237.237,4,3,0.25,429.38,0.00
65.49.237.8,4,3,0.25,429.79,0.00
18.65.168.19,4,3,0.25,430.18,0.00
65.49.236.53,4,3,0.25,431.02,0.00
78.142.229.161,4,3,0.25,431.27,0.00
45.32.49.252,4,3,0.25,431.60,0.00
65.49.237.237,4,3,0.25,432.78,0.00
209.146.102.213,4,3,0.25,432.91,0.00
13.231.243.69,4,3,0.25,433.81,0.00
65.49.236.151,4,3,0.25,433.98,0.00
65.49.237.39,4,3,0.25,434.18,0.00
65.49.237.237,4,3,0.25,435.13,0.00
65.49.237.237,4,3,0.25,435.33,0.00
65.49.237.237,4,3,0.25,435.63,0.00
65.49.237.237,4,3,0.25,436.47,0.00
65.49.237.39,4,3,0.25,436.79,0.00
43.207.119.103,4,3,0.25,437.95,0.00
65.49.237.8,4,3,0.25,438.08,0.00
155.248.171.124,4,3,0.25,438.31,0.00
65.49.237.39,4,3,0.25,439.43,0.00
65.49.237.237,4,3,0.25,439.50,0.00
138.3.212.206,4,3,0.25,440.21,0.00
65.49.236.53,4,3,0.25,440.89,0.00
65.49.236.53,4,3,0.25,441.56,0.00
65.49.236.53,4,3,0.25,441.77,0.00
65.49.237.8,4,3,0.25,441.92,0.00
65.49.237.39,4,3,0.25,442.05,0.00
65.49.237.8,4,3,0.25,442.25,0.00
65.49.237.39,4,3,0.25,442.36,0.00
43.207.251.200,4,3,0.25,442.85,0.00
65.49.237.39,4,3,0.25,444.63,0.00
18.65.185.28,4,3,0.25,445.44,0.00
18.172.31.127,4,3,0.25,447.54,0.00
65.49.236.71,4,3,0.25,448.27,0.00
18.65.216.18,4,3,0.25,450.11,0.00
65.49.236.53,4,3,0.25,450.31,0.00
43.206.104.1,4,3,0.25,450.74,0.00
65.49.236.53,4,3,0.25,451.22,0.00
65.49.236.53,4,3,0.25,451.56,0.00
65.49.237.8,4,3,0.25,452.26,0.00
65.49.237.39,4,3,0.25,452.27,0.00
65.49.237.39,4,3,0.25,452.66,0.00
65.49.237.237,4,3,0.25,452.96,0.00
65.49.236.71,4,3,0.25,454.84,0.00
13.231.233.34,4,3,0.25,455.32,0.00
65.49.237.237,4,3,0.25,457.69,0.00
209.146.102.118,4,3,0.25,458.27,0.00
65.49.236.71,4,3,0.25,458.33,0.00
65.49.236.151,4,3,0.25,458.77,0.00
65.49.236.53,4,3,0.25,459.30,0.00
65.49.237.237,4,3,0.25,460.27,0.00
43.207.8.97,4,3,0.25,460.46,0.00
158.101.151.25,4,3,0.25,460.61,0.00
65.49.237.237,4,3,0.25,460.63,0.00
65.49.236.53,4,3,0.25,460.77,0.00
65.49.237.39,4,3,0.25,461.20,0.00
65.49.237.237,4,3,0.25,461.36,0.00
156.231.116.38,4,3,0.25,462.74,0.00
65.49.236.153,4,3,0.25,462.81,0.00
3.163.251.204,4,3,0.25,463.47,0.00
65.49.237.237,4,3,0.25,463.59,0.00
18.178.153.135,4,3,0.25,463.69,0.00
13.35.70.230,4,3,0.25,464.84,0.00
65.49.236.71,4,3,0.25,465.06,0.00
65.49.237.8,4,3,0.25,465.42,0.00
65.49.237.39,4,3,0.25,465.48,0.00
65.49.237.39,4,3,0.25,465.56,0.00
65.49.237.39,4,3,0.25,465.70,0.00
65.49.236.71,4,3,0.25,466.29,0.00
65.49.237.39,4,3,0.25,467.37,0.00
65.49.236.153,4,3,0.25,470.11,0.00
65.49.237.39,4,3,0.25,470.23,0.00
103.117.102.82,4,3,0.25,470.31,0.00
65.49.237.173,4,3,0.25,471.35,0.00
65.49.237.237,4,3,0.25,471.47,0.00
65.49.237.114,4,3,0.25,471.64,0.00
65.49.237.8,4,3,0.25,472.18,0.00
65.49.237.39,4,3,0.25,472.66,0.00
65.49.236.71,4,3,0.25,472.77,0.00
65.49.237.39,4,3,0.25,472.83,0.00
65.49.237.39,4,3,0.25,473.08,0.00
65.49.237.39,4,3,0.25,473.24,0.00
65.49.237.8,4,3,0.25,473.74,0.00
13.115.47.65,4,3,0.25,475.85,0.00
65.49.236.53,4,3,0.25,475.98,0.00
65.49.237.39,4,3,0.25,476.31,0.00
103.232.213.34,4,3,0.25,476.34,0.00
65.49.236.153,4,3,0.25,477.43,0.00
65.49.237.39,4,3,0.25,477.52,0.00
65.49.236.151,4,3,0.25,478.10,0.00
18.172.31.115,4,3,0.25,478.24,0.00
65.49.237.8,4,3,0.25,478.43,0.00
154.92.9.5,4,3,0.25,478.65,0.00
65.49.237.39,4,3,0.25,478.70,0.00
154.92.9.3,4,3,0.25,478.92,0.00
23.193.170.32,4,3,0.25,479.89,0.00
65.49.236.151,4,3,0.25,480.64,0.00
154.92.9.2,4,3,0.25,481.51,0.00
154.92.9.4,4,3,0.25,483.08,0.00
65.49.237.173,4,3,0.25,484.39,0.00
65.49.237.39,4,3,0.25,485.07,0.00
13.249.160.43,4,3,0.25,485.86,0.00
65.49.237.237,4,3,0.25,486.44,0.00
65.49.237.39,4,3,0.25,487.28,0.00
65.49.236.71,4,3,0.25,488.83,0.00
65.49.237.39,4,3,0.25,490.44,0.00
65.49.237.237,4,3,0.25,491.44,0.00
18.65.182.137,4,3,0.25,491.48,0.00
154.92.9.2,4,3,0.25,492.52,0.00
5.180.45.91,4,3,0.25,492.93,0.00
65.49.237.39,4,3,0.25,494.84,0.00
137.220.130.105,4,3,0.25,497.28,0.00
205.198.64.235,4,3,0.25,498.05,0.00
65.49.237.237,4,3,0.25,498.91,0.00
65.49.237.237,4,3,0.25,501.16,0.00
65.49.236.53,4,3,0.25,501.52,0.00
154.92.9.0,4,3,0.25,501.83,0.00
65.49.236.53,4,3,0.25,503.47,0.00
154.92.9.1,4,3,0.25,504.50,0.00
65.49.237.237,4,3,0.25,505.27,0.00
65.49.237.39,4,3,0.25,506.53,0.00
154.92.9.2,4,3,0.25,507.62,0.00
65.49.237.8,4,3,0.25,507.75,0.00
65.49.237.237,4,3,0.25,509.24,0.00
65.49.237.39,4,3,0.25,511.13,0.00
137.220.150.184,4,3,0.25,512.54,0.00
65.49.237.8,4,3,0.25,512.90,0.00
65.49.237.237,4,3,0.25,513.20,0.00
65.49.237.39,4,3,0.25,513.89,0.00
65.49.237.39,4,3,0.25,517.46,0.00
154.92.9.0,4,3,0.25,518.47,0.00
65.49.237.39,4,3,0.25,519.20,0.00
65.49.237.39,4,3,0.25,519.24,0.00
65.49.237.39,4,3,0.25,519.80,0.00
65.49.236.153,4,3,0.25,521.11,0.00
65.49.237.39,4,3,0.25,522.39,0.00
65.49.236.53,4,3,0.25,523.00,0.00
65.49.237.39,4,3,0.25,527.51,0.00
104.71.152.185,4,3,0.25,529.95,0.00
13.227.56.200,4,3,0.25,530.30,0.00
65.49.237.39,4,3,0.25,531.03,0.00
65.49.237.39,4,3,0.25,531.24,0.00
65.49.237.39,4,3,0.25,531.54,0.00
65.49.237.39,4,3,0.25,533.29,0.00
154.92.9.1,4,3,0.25,534.18,0.00
154.92.9.2,4,3,0.25,537.79,0.00
154.92.9.5,4,3,0.25,537.91,0.00
154.92.9.4,4,3,0.25,539.41,0.00
154.92.9.3,4,3,0.25,544.03,0.00
65.49.237.8,4,3,0.25,545.45,0.00
65.49.236.151,4,3,0.25,546.00,0.00
154.92.9.4,4,3,0.25,550.54,0.00
65.49.237.173,4,3,0.25,550.84,0.00
23.216.153.202,4,3,0.25,551.31,0.00
65.49.237.39,4,3,0.25,556.53,0.00
18.176.73.69,4,3,0.25,557.95,0.00
154.92.9.5,4,3,0.25,562.02,0.00
65.49.237.39,4,3,0.25,565.06,0.00
23.32.248.203,4,3,0.25,570.56,0.00
154.92.9.5,4,3,0.25,570.82,0.00
154.92.9.5,4,3,0.25,570.94,0.00
168.138.193.200,4,3,0.25,572.91,0.00
154.92.9.2,4,3,0.25,574.50,0.00
172.105.217.111,4,3,0.25,580.00,0.00
23.209.45.49,4,3,0.25,582.66,0.00
99.84.55.37,4,3,0.25,584.94,0.00
209.146.103.39,4,3,0.25,588.19,0.00
209.146.100.156,4,3,0.25,588.36,0.00
154.92.9.5,4,3,0.25,594.11,0.00
103.231.73.117,4,3,0.25,594.30,0.00
156.238.18.79,4,3,0.25,608.35,0.00
172.104.112.251,4,3,0.25,629.22,0.00
154.92.9.2,4,3,0.25,630.71,0.00
154.92.9.1,4,3,0.25,633.65,0.00
23.192.47.114,4,3,0.25,657.62,0.00
154.92.9.4,4,3,0.25,664.15,0.00
154.92.9.3,4,3,0.25,695.40,0.00
23.209.45.25,4,3,0.25,714.69,0.00
65.49.237.8,4,2,0.50,60.95,0.00
65.49.236.151,4,2,0.50,97.29,0.00
65.49.236.71,4,2,0.50,99.94,0.00
65.49.237.237,4,2,0.50,101.17,0.00
65.49.237.173,4,2,0.50,101.36,0.00
65.49.237.114,4,2,0.50,104.63,0.00
65.49.236.53,4,2,0.50,104.66,0.00
65.49.237.237,4,2,0.50,104.85,0.00
65.49.237.39,4,2,0.50,106.31,0.00
65.49.236.151,4,2,0.50,107.30,0.00
65.49.237.39,4,2,0.50,108.05,0.00
65.49.236.53,4,2,0.50,108.41,0.00
65.49.237.39,4,2,0.50,113.78,0.00
65.49.236.151,4,2,0.50,116.83,0.00
65.49.236.53,4,2,0.50,117.02,0.00
65.49.237.237,4,2,0.50,119.56,0.00
65.49.236.151,4,2,0.50,120.86,0.00
65.49.237.39,4,2,0.50,121.84,0.00
65.49.237.237,4,2,0.50,122.60,0.00
65.49.236.151,4,2,0.50,122.74,0.00
65.49.237.39,4,2,0.50,124.21,0.00
65.49.237.39,4,2,0.50,125.22,0.00
65.49.236.151,4,2,0.50,125.24,0.00
65.49.237.39,4,2,0.50,126.40,0.00
65.49.237.173,4,2,0.50,127.19,0.00
65.49.237.237,4,2,0.50,127.38,0.00
65.49.236.71,4,2,0.50,127.41,0.00
65.49.237.237,4,2,0.50,127.76,0.00
65.49.237.8,4,2,0.50,127.94,0.00
65.49.236.53,4,2,0.50,128.06,0.00
65.49.237.173,4,2,0.50,128.85,0.00
65.49.236.53,4,2,0.50,130.68,0.00
18.172.50.151,4,2,0.50,130.86,0.00
65.49.237.237,4,2,0.50,132.19,0.00
65.49.236.151,4,2,0.50,132.31,0.00
65.49.236.151,4,2,0.50,133.20,0.00
65.49.236.151,4,2,0.50,133.99,0.00
65.49.237.237,4,2,0.50,134.75,0.00
65.49.237.237,4,2,0.50,135.19,0.00
65.49.237.237,4,2,0.50,136.10,0.00
65.49.237.173,4,2,0.50,137.08,0.00
34.85.41.69,4,2,0.50,137.65,0.00
65.49.237.8,4,2,0.50,137.70,0.00
65.49.237.237,4,2,0.50,138.03,0.00
65.49.236.53,4,2,0.50,138.05,0.00
65.49.236.151,4,2,0.50,138.45,0.00
65.49.237.237,4,2,0.50,138.63,0.00
65.49.237.237,4,2,0.50,139.46,0.00
65.49.237.39,4,2,0.50,140.59,0.00
65.49.236.71,4,2,0.50,141.13,0.00
65.49.237.237,4,2,0.50,141.26,0.00
65.49.237.237,4,2,0.50,141.29,0.00
65.49.237.173,4,2,0.50,141.29,0.00
65.49.237.237,4,2,0.50,141.32,0.00
65.49.237.237,4,2,0.50,142.02,0.00
65.49.237.237,4,2,0.50,142.53,0.00
65.49.237.237,4,2,0.50,142.79,0.00
65.49.237.237,4,2,0.50,142.97,0.00
65.49.237.237,4,2,0.50,143.44,0.00
65.49.237.173,4,2,0.50,144.36,0.00
65.49.237.39,4,2,0.50,145.25,0.00
65.49.237.237,4,2,0.50,145.31,0.00
65.49.237.237,4,2,0.50,145.39,0.00
65.49.237.237,4,2,0.50,145.68,0.00
65.49.237.237,4,2,0.50,145.87,0.00
65.49.236.53,4,2,0.50,146.73,0.00
65.49.237.237,4,2,0.50,146.99,0.00
65.49.237.39,4,2,0.50,147.11,0.00
65.49.236.53,4,2,0.50,149.50,0.00
65.49.237.237,4,2,0.50,149.54,0.00
65.49.236.53,4,2,0.50,149.95,0.00
65.49.237.173,4,2,0.50,150.11,0.00
65.49.236.151,4,2,0.50,150.76,0.00
65.49.236.71,4,2,0.50,151.04,0.00
65.49.236.53,4,2,0.50,151.09,0.00
65.49.237.237,4,2,0.50,152.34,0.00
65.49.237.237,4,2,0.50,152.96,0.00
65.49.237.237,4,2,0.50,153.11,0.00
65.49.237.39,4,2,0.50,153.39,0.00
65.49.237.173,4,2,0.50,153.78,0.00
65.49.237.237,4,2,0.50,153.79,0.00
65.49.236.151,4,2,0.50,154.70,0.00
65.49.237.237,4,2,0.50,154.85,0.00
65.49.237.237,4,2,0.50,155.43,0.00
65.49.236.151,4,2,0.50,155.65,0.00
65.49.237.237,4,2,0.50,155.93,0.00
65.49.237.237,4,2,0.50,156.23,0.00
65.49.237.237,4,2,0.50,156.32,0.00
65.49.236.151,4,2,0.50,156.84,0.00
65.49.237.237,4,2,0.50,157.04,0.00
65.49.237.237,4,2,0.50,157.53,0.00
65.49.237.237,4,2,0.50,157.55,0.00
65.49.237.173,4,2,0.50,158.14,0.00
65.49.237.237,4,2,0.50,158.15,0.00
65.49.236.53,4,2,0.50,158.56,0.00
65.49.237.237,4,2,0.50,158.71,0.00
65.49.237.237,4,2,0.50,159.15,0.00
65.49.237.8,4,2,0.50,159.47,0.00
65.49.236.151,4,2,0.50,159.54,0.00
65.49.237.173,4,2,0.50,160.29,0.00
65.49.237.237,4,2,0.50,160.32,0.00
65.49.236.153,4,2,0.50,161.08,0.00
65.49.236.53,4,2,0.50,161.19,0.00
65.49.236.151,4,2,0.50,161.29,0.00
65.49.237.39,4,2,0.50,161.31,0.00
65.49.237.237,4,2,0.50,161.38,0.00
65.49.237.173,4,2,0.50,161.78,0.00
65.49.237.8,4,2,0.50,162.12,0.00
65.49.236.53,4,2,0.50,162.23,0.00
34.84.135.102,4,2,0.50,162.43,0.00
65.49.237.173,4,2,0.50,162.55,0.00
18.172.31.128,4,2,0.50,162.87,0.00
65.49.236.53,4,2,0.50,163.21,0.00
65.49.237.173,4,2,0.50,163.23,0.00
65.49.237.237,4,2,0.50,163.23,0.00
65.49.236.53,4,2,0.50,163.27,0.00
65.49.236.71,4,2,0.50,163.61,0.00
65.49.237.39,4,2,0.50,163.86,0.00
65.49.236.71,4,2,0.50,164.14,0.00
65.49.237.237,4,2,0.50,164.18,0.00
65.49.237.173,4,2,0.50,164.47,0.00
65.49.237.173,4,2,0.50,164.49,0.00
65.49.237.237,4,2,0.50,164.52,0.00
65.49.236.151,4,2,0.50,165.17,0.00
65.49.236.53,4,2,0.50,165.95,0.00
65.49.236.53,4,2,0.50,166.04,0.00
65.49.236.53,4,2,0.50,166.27,0.00
65.49.237.114,4,2,0.50,166.85,0.00
65.49.237.173,4,2,0.50,167.34,0.00
65.49.237.8,4,2,0.50,167.72,0.00
65.49.237.8,4,2,0.50,167.88,0.00
65.49.237.237,4,2,0.50,168.04,0.00
65.49.236.71,4,2,0.50,168.55,0.00
65.49.236.151,4,2,0.50,168.98,0.00
116.206.92.35,4,2,0.50,169.06,0.00
65.49.237.237,4,2,0.50,169.18,0.00
65.49.237.173,4,2,0.50,169.48,0.00
65.49.236.153,4,2,0.50,169.57,0.00
65.49.237.237,4,2,0.50,170.31,0.00
65.49.237.237,4,2,0.50,170.46,0.00
65.49.237.237,4,2,0.50,170.62,0.00
65.49.237.39,4,2,0.50,171.04,0.00
65.49.237.237,4,2,0.50,171.79,0.00
65.49.236.53,4,2,0.50,172.06,0.00
65.49.236.71,4,2,0.50,172.06,0.00
65.49.237.114,4,2,0.50,172.26,0.00
65.49.237.173,4,2,0.50,172.43,0.00
65.49.237.8,4,2,0.50,173.13,0.00
65.49.237.237,4,2,0.50,173.43,0.00
65.49.236.53,4,2,0.50,173.57,0.00
18.65.190.108,4,2,0.50,173.74,0.00
65.49.237.173,4,2,0.50,173.77,0.00
65.49.237.173,4,2,0.50,173.91,0.00
65.49.236.53,4,2,0.50,174.38,0.00
18.172.39.201,4,2,0.50,174.76,0.00
65.49.237.237,4,2,0.50,175.38,0.00
65.49.236.53,4,2,0.50,175.84,0.00
65.49.237.237,4,2,0.50,176.12,0.00
65.49.237.114,4,2,0.50,176.33,0.00
65.49.237.173,4,2,0.50,177.13,0.00
65.49.237.8,4,2,0.50,177.24,0.00
45.159.48.212,4,2,0.50,178.19,0.00
65.49.237.39,4,2,0.50,178.48,0.00
65.49.236.53,4,2,0.50,178.56,0.00
65.49.237.237,4,2,0.50,178.61,0.00
65.49.236.53,4,2,0.50,178.92,0.00
65.49.237.237,4,2,0.50,179.14,0.00
65.49.237.237,4,2,0.50,179.20,0.00
65.49.237.237,4,2,0.50,179.28,0.00
65.49.237.39,4,2,0.50,179.75,0.00
99.84.55.40,4,2,0.50,179.82,0.00
65.49.237.237,4,2,0.50,180.05,0.00
65.49.237.173,4,2,0.50,180.15,0.00
65.49.236.71,4,2,0.50,180.51,0.00
65.49.237.39,4,2,0.50,180.55,0.00
65.49.237.237,4,2,0.50,180.69,0.00
65.49.236.53,4,2,0.50,180.95,0.00
65.49.236.71,4,2,0.50,181.41,0.00
65.49.236.151,4,2,0.50,181.55,0.00
65.49.237.173,4,2,0.50,182.23,0.00
65.49.236.151,4,2,0.50,182.45,0.00
99.84.50.53,4,2,0.50,182.78,0.00
65.49.236.71,4,2,0.50,182.85,0.00
65.49.237.39,4,2,0.50,182.89,0.00
65.49.236.71,4,2,0.50,183.31,0.00
65.9.37.18,4,2,0.50,183.58,0.00
18.172.50.28,4,2,0.50,184.12,0.00
65.49.237.237,4,2,0.50,184.71,0.00
65.49.237.237,4,2,0.50,185.55,0.00
65.49.237.237,4,2,0.50,186.77,0.00
156.231.113.118,4,2,0.50,186.82,0.00
65.49.236.151,4,2,0.50,186.97,0.00
65.49.237.39,4,2,0.50,187.63,0.00
65.49.237.237,4,2,0.50,188.02,0.00
65.49.237.237,4,2,0.50,188.63,0.00
13.35.70.215,4,2,0.50,188.98,0.00
65.49.237.173,4,2,0.50,189.00,0.00
65.49.236.153,4,2,0.50,189.99,0.00
65.49.237.39,4,2,0.50,190.02,0.00
8.216.81.13,4,2,0.50,190.19,0.00
65.49.236.151,4,2,0.50,191.05,0.00
65.49.237.237,4,2,0.50,191.65,0.00
65.49.237.173,4,2,0.50,191.66,0.00
65.49.237.237,4,2,0.50,191.69,0.00
65.49.236.71,4,2,0.50,191.85,0.00
65.49.237.237,4,2,0.50,192.08,0.00
108.160.133.235,4,2,0.50,192.57,0.00
65.49.237.8,4,2,0.50,193.25,0.00
65.49.237.237,4,2,0.50,194.05,0.00
65.49.237.237,4,2,0.50,194.49,0.00
65.49.236.53,4,2,0.50,195.39,0.00
65.49.237.8,4,2,0.50,197.91,0.00
65.49.236.153,4,2,0.50,198.61,0.00
99.84.55.104,4,2,0.50,198.73,0.00
65.49.236.151,4,2,0.50,199.10,0.00
65.49.237.8,4,2,0.50,200.83,0.00
141.147.184.121,4,2,0.50,201.11,0.00
65.49.237.114,4,2,0.50,201.59,0.00
65.49.237.237,4,2,0.50,201.91,0.00
65.49.236.71,4,2,0.50,202.03,0.00
65.49.237.237,4,2,0.50,202.52,0.00
65.49.237.173,4,2,0.50,203.03,0.00
18.65.199.194,4,2,0.50,203.73,0.00
65.49.237.8,4,2,0.50,204.14,0.00
65.49.237.237,4,2,0.50,204.40,0.00
65.49.236.71,4,2,0.50,204.76,0.00
65.49.236.151,4,2,0.50,205.50,0.00
65.49.237.39,4,2,0.50,206.20,0.00
65.49.236.151,4,2,0.50,206.88,0.00
65.49.237.173,4,2,0.50,206.99,0.00
65.49.237.39,4,2,0.50,207.14,0.00
65.49.236.151,4,2,0.50,208.09,0.00
65.49.237.237,4,2,0.50,208.29,0.00
65.49.237.237,4,2,0.50,209.45,0.00
65.49.237.237,4,2,0.50,209.90,0.00
138.2.8.192,4,2,0.50,209.92,0.00
154.83.31.136,4,2,0.50,210.06,0.00
65.49.237.237,4,2,0.50,211.72,0.00
65.49.237.114,4,2,0.50,211.83,0.00
65.49.237.237,4,2,0.50,211.91,0.00
65.49.236.151,4,2,0.50,212.44,0.00
18.65.214.155,4,2,0.50,212.53,0.00
65.49.237.237,4,2,0.50,212.65,0.00
65.49.237.237,4,2,0.50,213.26,0.00
156.231.112.27,4,2,0.50,213.42,0.00
18.65.190.167,4,2,0.50,213.76,0.00
13.249.172.106,4,2,0.50,213.86,0.00
65.49.237.114,4,2,0.50,214.13,0.00
65.49.237.237,4,2,0.50,214.54,0.00
65.49.236.151,4,2,0.50,214.69,0.00
65.49.237.173,4,2,0.50,214.79,0.00
65.49.236.151,4,2,0.50,214.95,0.00
65.49.236.53,4,2,0.50,215.21,0.00
65.49.236.53,4,2,0.50,215.46,0.00
13.227.56.5,4,2,0.50,215.57,0.00
65.49.237.237,4,2,0.50,215.58,0.00
65.49.236.53,4,2,0.50,215.62,0.00
18.172.39.210,4,2,0.50,215.98,0.00
65.49.236.151,4,2,0.50,216.03,0.00
18.65.207.59,4,2,0.50,216.10,0.00
65.49.237.8,4,2,0.50,216.13,0.00
45.66.131.176,4,2,0.50,216.54,0.00
13.113.102.145,4,2,0.50,216.57,0.00
18.172.52.47,4,2,0.50,216.88,0.00
65.49.237.237,4,2,0.50,217.84,0.00
65.49.236.53,4,2,0.50,218.04,0.00
47.245.38.121,4,2,0.50,218.48,0.00
65.49.237.173,4,2,0.50,218.59,0.00
65.49.236.151,4,2,0.50,219.41,0.00
65.49.236.151,4,2,0.50,219.41,0.00
65.49.237.237,4,2,0.50,219.67,0.00
65.9.37.37,4,2,0.50,220.06,0.00
65.49.236.53,4,2,0.50,220.12,0.00
132.145.122.39,4,2,0.50,220.49,0.00
65.49.236.151,4,2,0.50,221.05,0.00
18.65.185.74,4,2,0.50,221.11,0.00
45.77.21.193,4,2,0.50,221.60,0.00
65.49.236.53,4,2,0.50,221.92,0.00
65.49.236.71,4,2,0.50,222.16,0.00
65.49.237.237,4,2,0.50,222.78,0.00
65.49.236.53,4,2,0.50,223.29,0.00
45.77.11.110,4,2,0.50,223.37,0.00
143.204.126.27,4,2,0.50,223.50,0.00
65.49.237.237,4,2,0.50,223.51,0.00
65.49.237.39,4,2,0.50,223.53,0.00
13.227.62.8,4,2,0.50,223.56,0.00
65.49.237.237,4,2,0.50,224.11,0.00
18.65.216.24,4,2,0.50,224.56,0.00
65.49.236.53,4,2,0.50,224.90,0.00
65.49.236.71,4,2,0.50,226.42,0.00
65.49.237.173,4,2,0.50,226.68,0.00
65.49.237.237,4,2,0.50,227.31,0.00
65.49.236.151,4,2,0.50,227.47,0.00
65.49.237.237,4,2,0.50,228.73,0.00
18.172.52.32,4,2,0.50,228.95,0.00
65.49.237.237,4,2,0.50,229.00,0.00
18.65.199.164,4,2,0.50,229.61,0.00
65.49.237.237,4,2,0.50,229.87,0.00
65.49.237.237,4,2,0.50,230.09,0.00
47.245.38.121,4,2,0.50,230.47,0.00
65.49.237.237,4,2,0.50,231.05,0.00
65.49.236.153,4,2,0.50,231.56,0.00
65.49.237.237,4,2,0.50,231.94,0.00
18.65.168.65,4,2,0.50,232.00,0.00
65.49.237.237,4,2,0.50,232.19,0.00
65.49.237.8,4,2,0.50,232.62,0.00
65.49.236.151,4,2,0.50,232.95,0.00
65.49.237.114,4,2,0.50,233.44,0.00
65.49.237.237,4,2,0.50,233.45,0.00
147.78.245.63,4,2,0.50,233.59,0.00
18.65.171.44,4,2,0.50,233.71,0.00
18.65.190.61,4,2,0.50,233.73,0.00
65.49.237.114,4,2,0.50,233.83,0.00
65.49.237.173,4,2,0.50,234.29,0.00
65.49.237.237,4,2,0.50,234.73,0.00
18.65.207.123,4,2,0.50,234.81,0.00
65.49.237.8,4,2,0.50,235.41,0.00
13.249.160.37,4,2,0.50,235.87,0.00
65.49.237.237,4,2,0.50,235.92,0.00
65.49.237.237,4,2,0.50,236.37,0.00
140.238.42.70,4,2,0.50,236.83,0.00
65.49.236.151,4,2,0.50,237.01,0.00
65.49.237.237,4,2,0.50,237.31,0.00
65.49.236.53,4,2,0.50,237.93,0.00
65.49.236.153,4,2,0.50,238.75,0.00
65.49.237.237,4,2,0.50,239.11,0.00
18.178.157.108,4,2,0.50,239.15,0.00
65.49.236.53,4,2,0.50,239.75,0.00
65.49.237.237,4,2,0.50,239.81,0.00
18.65.207.101,4,2,0.50,241.35,0.00
65.49.237.39,4,2,0.50,241.67,0.00
65.49.237.237,4,2,0.50,242.07,0.00
65.49.237.173,4,2,0.50,242.11,0.00
65.49.236.71,4,2,0.50,243.41,0.00
65.49.237.237,4,2,0.50,243.53,0.00
65.49.237.237,4,2,0.50,244.09,0.00
65.49.237.237,4,2,0.50,244.80,0.00
154.16.248.228,4,2,0.50,245.08,0.00
47.91.29.53,4,2,0.50,245.27,0.00
65.49.237.39,4,2,0.50,246.37,0.00
65.49.237.237,4,2,0.50,247.09,0.00
65.49.237.237,4,2,0.50,247.21,0.00
65.49.237.8,4,2,0.50,247.36,0.00
65.49.237.237,4,2,0.50,247.37,0.00
43.207.8.97,4,2,0.50,248.38,0.00
65.49.237.39,4,2,0.50,248.52,0.00
65.49.237.173,4,2,0.50,248.56,0.00
23.192.47.82,4,2,0.50,248.83,0.00
65.49.236.53,4,2,0.50,249.06,0.00
65.49.237.173,4,2,0.50,249.10,0.00
65.49.237.173,4,2,0.50,250.06,0.00
65.49.237.173,4,2,0.50,250.44,0.00
65.49.237.173,4,2,0.50,250.73,0.00
65.49.237.237,4,2,0.50,251.00,0.00
65.49.237.237,4,2,0.50,251.00,0.00
65.49.237.237,4,2,0.50,251.26,0.00
65.49.236.71,4,2,0.50,251.35,0.00
65.49.236.53,4,2,0.50,251.46,0.00
35.76.114.6,4,2,0.50,251.57,0.00
65.49.237.237,4,2,0.50,251.95,0.00
45.63.127.229,4,2,0.50,254.23,0.00
65.49.237.173,4,2,0.50,254.46,0.00
207.148.95.0,4,2,0.50,255.08,0.00
18.65.214.139,4,2,0.50,255.51,0.00
23.57.116.207,4,2,0.50,255.60,0.00
65.49.236.71,4,2,0.50,256.86,0.00
65.49.237.237,4,2,0.50,256.87,0.00
65.49.237.173,4,2,0.50,257.38,0.00
65.49.237.173,4,2,0.50,259.41,0.00
108.160.133.235,4,2,0.50,260.04,0.00
155.248.171.112,4,2,0.50,260.55,0.00
65.49.236.151,4,2,0.50,260.67,0.00
65.49.236.71,4,2,0.50,261.30,0.00
18.65.185.59,4,2,0.50,261.36,0.00
13.115.47.65,4,2,0.50,261.39,0.00
65.49.236.151,4,2,0.50,262.05,0.00
65.49.237.237,4,2,0.50,262.14,0.00
65.49.237.39,4,2,0.50,262.44,0.00
65.49.237.237,4,2,0.50,263.02,0.00
18.172.31.43,4,2,0.50,263.95,0.00
47.245.53.14,4,2,0.50,265.01,0.00
65.49.237.237,4,2,0.50,265.07,0.00
23.33.32.233,4,2,0.50,266.11,0.00
13.227.62.96,4,2,0.50,268.22,0.00
43.163.211.249,4,2,0.50,268.30,0.00
65.49.236.151,4,2,0.50,268.88,0.00
23.215.44.207,4,2,0.50,269.36,0.00
23.33.32.203,4,2,0.50,271.57,0.00
65.49.236.71,4,2,0.50,272.27,0.00
65.49.236.151,4,2,0.50,272.59,0.00
18.172.50.152,4,2,0.50,272.78,0.00
18.65.207.85,4,2,0.50,272.97,0.00
65.49.237.173,4,2,0.50,273.59,0.00
65.49.237.237,4,2,0.50,274.21,0.00
65.49.236.151,4,2,0.50,275.89,0.00
65.49.236.71,4,2,0.50,277.10,0.00
65.49.237.237,4,2,0.50,277.21,0.00
65.49.236.53,4,2,0.50,277.53,0.00
65.49.236.151,4,2,0.50,277.72,0.00
18.65.214.214,4,2,0.50,278.71,0.00
138.3.212.206,4,2,0.50,278.75,0.00
18.183.82.17,4,2,0.50,279.65,0.00
65.49.237.237,4,2,0.50,279.97,0.00
195.245.242.191,4,2,0.50,280.49,0.00
54.178.157.74,4,2,0.50,281.10,0.00
65.49.237.39,4,2,0.50,281.67,0.00
65.9.37.190,4,2,0.50,282.45,0.00
141.147.174.243,4,2,0.50,282.49,0.00
65.49.236.71,4,2,0.50,282.83,0.00
141.147.162.58,4,2,0.50,282.90,0.00
65.49.236.71,4,2,0.50,283.85,0.00
65.49.237.173,4,2,0.50,284.90,0.00
43.133.183.243,4,2,0.50,285.97,0.00
65.49.237.114,4,2,0.50,286.37,0.00
65.49.236.53,4,2,0.50,286.70,0.00
47.245.30.45,4,2,0.50,288.35,0.00
65.49.237.173,4,2,0.50,289.07,0.00
18.65.199.148,4,2,0.50,289.18,0.00
65.49.237.237,4,2,0.50,289.42,0.00
18.65.199.31,4,2,0.50,290.14,0.00
13.35.70.24,4,2,0.50,291.51,0.00
65.49.237.8,4,2,0.50,292.30,0.00
65.49.237.39,4,2,0.50,292.46,0.00
65.49.236.71,4,2,0.50,293.05,0.00
65.49.236.53,4,2,0.50,293.88,0.00
65.49.236.71,4,2,0.50,295.07,0.00
65.49.236.71,4,2,0.50,296.95,0.00
65.49.236.53,4,2,0.50,297.31,0.00
52.195.130.255,4,2,0.50,298.35,0.00
65.49.237.237,4,2,0.50,298.72,0.00
65.49.237.237,4,2,0.50,298.81,0.00
65.49.237.173,4,2,0.50,298.93,0.00
65.49.237.173,4,2,0.50,299.74,0.00
4.216.196.3,4,2,0.50,302.08,0.00
65.49.236.71,4,2,0.50,304.37,0.00
65.49.236.71,4,2,0.50,305.09,0.00
65.49.236.71,4,2,0.50,307.15,0.00
18.179.130.242,4,2,0.50,307.52,0.00
18.65.190.169,4,2,0.50,308.16,0.00
65.49.236.151,4,2,0.50,308.48,0.00
65.49.237.39,4,2,0.50,308.98,0.00
143.204.126.35,4,2,0.50,309.08,0.00
45.159.51.120,4,2,0.50,310.05,0.00
18.183.208.170,4,2,0.50,310.12,0.00
18.65.190.113,4,2,0.50,310.32,0.00
65.49.237.237,4,2,0.50,310.65,0.00
23.3.102.207,4,2,0.50,311.37,0.00
157.7.189.59,4,2,0.50,313.73,0.00
65.49.237.237,4,2,0.50,314.57,0.00
65.49.237.173,4,2,0.50,317.13,0.00
65.49.236.153,4,2,0.50,319.78,0.00
155.248.187.121,4,2,0.50,320.60,0.00
65.49.237.237,4,2,0.50,321.64,0.00
65.49.237.237,4,2,0.50,321.82,0.00
18.172.50.116,4,2,0.50,323.68,0.00
65.49.237.237,4,2,0.50,324.66,0.00
65.9.42.110,4,2,0.50,325.98,0.00
65.49.237.237,4,2,0.50,327.21,0.00
18.65.190.42,4,2,0.50,327.75,0.00
65.9.42.19,4,2,0.50,329.18,0.00
65.49.237.237,4,2,0.50,329.95,0.00
18.172.52.7,4,2,0.50,330.22,0.00
65.49.237.237,4,2,0.50,331.10,0.00
92.249.48.102,4,2,0.50,331.44,0.00
3.112.252.190,4,2,0.50,331.71,0.00
132.145.122.39,4,2,0.50,332.28,0.00
65.49.237.237,4,2,0.50,332.69,0.00
65.49.236.71,4,2,0.50,332.73,0.00
65.49.236.71,4,2,0.50,332.89,0.00
65.49.236.71,4,2,0.50,332.99,0.00
188.253.25.173,4,2,0.50,333.25,0.00
155.248.187.121,4,2,0.50,333.57,0.00
65.49.236.71,4,2,0.50,333.86,0.00
65.49.237.237,4,2,0.50,334.55,0.00
18.172.39.2,4,2,0.50,334.74,0.00
65.49.237.237,4,2,0.50,336.45,0.00
65.49.236.151,4,2,0.50,336.80,0.00
188.253.17.178,4,2,0.50,336.90,0.00
65.49.237.237,4,2,0.50,337.32,0.00
65.49.236.71,4,2,0.50,338.10,0.00
65.49.237.39,4,2,0.50,338.11,0.00
65.9.37.13,4,2,0.50,338.86,0.00
65.49.237.173,4,2,0.50,339.80,0.00
65.49.236.71,4,2,0.50,340.18,0.00
65.49.236.71,4,2,0.50,340.38,0.00
45.77.11.110,4,2,0.50,340.85,0.00
65.49.237.237,4,2,0.50,343.02,0.00
54.199.223.143,4,2,0.50,343.54,0.00
65.49.236.53,4,2,0.50,343.74,0.00
65.49.237.237,4,2,0.50,344.12,0.00
45.66.131.176,4,2,0.50,344.19,0.00
65.49.236.151,4,2,0.50,344.30,0.00
65.49.236.71,4,2,0.50,344.54,0.00
147.78.242.245,4,2,0.50,345.47,0.00
65.49.237.8,4,2,0.50,345.58,0.00
65.49.236.151,4,2,0.50,345.72,0.00
65.49.237.8,4,2,0.50,345.75,0.00
65.49.237.8,4,2,0.50,345.76,0.00
65.49.236.151,4,2,0.50,345.94,0.00
13.227.62.97,4,2,0.50,345.99,0.00
65.49.236.71,4,2,0.50,346.01,0.00
65.49.236.71,4,2,0.50,346.34,0.00
65.49.237.237,4,2,0.50,346.70,0.00
65.49.236.71,4,2,0.50,347.02,0.00
65.49.237.39,4,2,0.50,347.62,0.00
65.49.237.114,4,2,0.50,348.52,0.00
2.59.37.144,4,2,0.50,349.16,0.00
65.49.237.237,4,2,0.50,351.18,0.00
65.49.237.237,4,2,0.50,351.78,0.00
65.49.237.237,4,2,0.50,352.06,0.00
65.49.237.8,4,2,0.50,352.16,0.00
140.83.34.97,4,2,0.50,352.30,0.00
65.49.237.237,4,2,0.50,352.35,0.00
65.49.237.8,4,2,0.50,353.05,0.00
65.49.236.153,4,2,0.50,353.48,0.00
65.49.237.173,4,2,0.50,353.51,0.00
65.49.237.237,4,2,0.50,354.90,0.00
65.49.236.53,4,2,0.50,355.03,0.00
132.226.7.85,4,2,0.50,355.58,0.00
65.49.236.53,4,2,0.50,355.99,0.00
65.49.237.237,4,2,0.50,357.13,0.00
65.49.237.114,4,2,0.50,357.26,0.00
65.49.236.151,4,2,0.50,357.54,0.00
65.49.237.237,4,2,0.50,357.80,0.00
43.207.113.84,4,2,0.50,358.23,0.00
65.49.237.237,4,2,0.50,359.11,0.00
65.49.237.237,4,2,0.50,359.69,0.00
209.146.100.120,4,2,0.50,361.12,0.00
65.49.237.237,4,2,0.50,361.38,0.00
65.49.237.237,4,2,0.50,362.22,0.00
65.49.236.53,4,2,0.50,362.75,0.00
18.172.52.92,4,2,0.50,363.05,0.00
65.49.237.39,4,2,0.50,363.62,0.00
18.65.199.225,4,2,0.50,364.20,0.00
154.16.248.177,4,2,0.50,364.46,0.00
23.36.218.207,4,2,0.50,364.79,0.00
65.49.237.39,4,2,0.50,366.97,0.00
2.18.157.173,4,2,0.50,367.07,0.00
65.49.237.8,4,2,0.50,367.13,0.00
65.49.237.237,4,2,0.50,368.60,0.00
65.49.237.8,4,2,0.50,369.10,0.00
65.49.237.8,4,2,0.50,370.15,0.00
52.198.145.142,4,2,0.50,370.29,0.00
65.49.237.8,4,2,0.50,370.69,0.00
65.49.236.151,4,2,0.50,370.78,0.00
65.49.237.39,4,2,0.50,371.52,0.00
65.49.236.151,4,2,0.50,371.59,0.00
13.35.51.156,4,2,0.50,372.93,0.00
65.49.237.173,4,2,0.50,373.85,0.00
65.49.236.71,4,2,0.50,374.08,0.00
65.49.236.71,4,2,0.50,375.52,0.00
18.65.214.213,4,2,0.50,376.00,0.00
65.49.236.53,4,2,0.50,376.99,0.00
65.49.237.39,4,2,0.50,379.16,0.00
65.49.237.173,4,2,0.50,380.65,0.00
18.172.50.158,4,2,0.50,381.47,0.00
65.49.237.39,4,2,0.50,382.34,0.00
65.49.237.237,4,2,0.50,382.51,0.00
65.49.237.237,4,2,0.50,382.57,0.00
65.49.237.39,4,2,0.50,384.22,0.00
65.49.237.39,4,2,0.50,385.22,0.00
65.49.237.39,4,2,0.50,386.54,0.00
65.49.237.237,4,2,0.50,386.55,0.00
154.92.9.86,4,2,0.50,386.95,0.00
65.49.236.53,4,2,0.50,388.14,0.00
65.49.236.53,4,2,0.50,388.17,0.00
65.49.237.8,4,2,0.50,389.44,0.00
23.54.244.107,4,2,0.50,390.34,0.00
65.49.236.53,4,2,0.50,391.26,0.00
65.49.237.8,4,2,0.50,391.91,0.00
65.49.237.39,4,2,0.50,392.23,0.00
65.9.42.113,4,2,0.50,392.27,0.00
65.49.236.53,4,2,0.50,392.54,0.00
65.49.237.237,4,2,0.50,393.63,0.00
18.172.31.86,4,2,0.50,395.71,0.00
65.49.237.39,4,2,0.50,396.38,0.00
65.49.236.53,4,2,0.50,396.49,0.00
65.49.236.53,4,2,0.50,396.56,0.00
65.49.237.237,4,2,0.50,396.56,0.00
65.49.237.39,4,2,0.50,396.61,0.00
65.49.237.237,4,2,0.50,398.90,0.00
65.49.237.39,4,2,0.50,399.00,0.00
65.49.237.237,4,2,0.50,399.02,0.00
209.146.100.53,4,2,0.50,400.06,0.00
65.49.236.153,4,2,0.50,400.08,0.00
65.49.237.39,4,2,0.50,400.37,0.00
140.238.51.167,4,2,0.50,401.19,0.00
154.92.9.4,4,2,0.50,401.89,0.00
57.180.245.27,4,2,0.50,402.01,0.00
65.49.237.39,4,2,0.50,402.86,0.00
199.254.199.43,4,2,0.50,402.94,0.00
65.49.237.8,4,2,0.50,404.25,0.00
65.49.237.8,4,2,0.50,404.43,0.00
65.49.237.39,4,2,0.50,405.38,0.00
13.35.70.190,4,2,0.50,405.79,0.00
18.65.168.24,4,2,0.50,409.22,0.00
99.84.55.110,4,2,0.50,409.76,0.00
65.49.236.53,4,2,0.50,410.30,0.00
65.49.237.8,4,2,0.50,410.57,0.00
65.49.237.237,4,2,0.50,411.67,0.00
65.49.237.237,4,2,0.50,412.06,0.00
18.183.208.170,4,2,0.50,412.12,0.00
8.209.211.127,4,2,0.50,412.24,0.00
150.95.219.214,4,2,0.50,412.52,0.00
65.49.237.39,4,2,0.50,413.98,0.00
43.207.251.200,4,2,0.50,415.07,0.00
65.49.236.53,4,2,0.50,418.51,0.00
65.9.42.6,4,2,0.50,421.08,0.00
18.172.31.103,4,2,0.50,421.38,0.00
65.49.237.39,4,2,0.50,424.03,0.00
155.248.184.83,4,2,0.50,426.10,0.00
209.146.102.183,4,2,0.50,428.57,0.00
193.32.150.200,4,2,0.50,428.72,0.00
43.133.205.128,4,2,0.50,428.97,0.00
65.49.237.39,4,2,0.50,429.44,0.00
103.231.73.84,4,2,0.50,430.35,0.00
65.9.42.13,4,2,0.50,430.91,0.00
65.9.37.148,4,2,0.50,431.37,0.00
99.84.55.42,4,2,0.50,432.16,0.00
54.199.223.143,4,2,0.50,432.24,0.00
13.114.243.93,4,2,0.50,432.25,0.00
65.49.237.237,4,2,0.50,433.78,0.00
13.231.243.69,4,2,0.50,433.89,0.00
18.172.50.90,4,2,0.50,434.01,0.00
140.238.51.167,4,2,0.50,434.08,0.00
103.231.75.182,4,2,0.50,434.69,0.00
143.204.126.36,4,2,0.50,435.04,0.00
141.147.174.196,4,2,0.50,436.96,0.00
13.114.243.93,4,2,0.50,437.88,0.00
65.49.236.53,4,2,0.50,439.33,0.00
23.59.252.81,4,2,0.50,439.83,0.00
188.253.18.200,4,2,0.50,440.45,0.00
8.209.205.4,4,2,0.50,441.44,0.00
141.147.174.196,4,2,0.50,444.23,0.00
35.76.122.252,4,2,0.50,446.76,0.00
18.65.199.117,4,2,0.50,446.99,0.00
140.238.39.149,4,2,0.50,447.96,0.00
18.172.31.56,4,2,0.50,448.15,0.00
65.49.237.8,4,2,0.50,448.31,0.00
65.49.236.71,4,2,0.50,448.50,0.00
23.192.47.112,4,2,0.50,449.59,0.00
65.49.236.153,4,2,0.50,449.80,0.00
13.114.30.167,4,2,0.50,450.96,0.00
18.65.170.116,4,2,0.50,452.74,0.00
18.172.39.7,4,2,0.50,453.67,0.00
65.49.237.237,4,2,0.50,453.74,0.00
65.49.237.237,4,2,0.50,453.79,0.00
18.65.175.140,4,2,0.50,454.35,0.00
65.49.236.151,4,2,0.50,454.95,0.00
65.49.237.39,4,2,0.50,455.00,0.00
65.49.237.39,4,2,0.50,459.22,0.00
18.65.207.93,4,2,0.50,464.51,0.00
13.35.49.80,4,2,0.50,468.07,0.00
65.49.237.114,4,2,0.50,468.71,0.00
188.253.18.111,4,2,0.50,469.32,0.00
65.49.236.151,4,2,0.50,474.42,0.00
65.49.236.71,4,2,0.50,475.92,0.00
65.49.237.237,4,2,0.50,476.19,0.00
65.49.236.151,4,2,0.50,478.79,0.00
65.49.236.71,4,2,0.50,480.50,0.00
18.172.52.48,4,2,0.50,485.67,0.00
65.49.236.53,4,2,0.50,486.49,0.00
65.49.236.53,4,2,0.50,486.98,0.00
65.49.236.71,4,2,0.50,488.03,0.00
65.49.237.39,4,2,0.50,491.64,0.00
65.49.236.53,4,2,0.50,492.73,0.00
65.49.236.53,4,2,0.50,494.12,0.00
65.49.236.151,4,2,0.50,494.92,0.00
65.49.237.39,4,2,0.50,496.05,0.00
13.249.166.230,4,2,0.50,496.15,0.00
65.49.236.53,4,2,0.50,499.56,0.00
45.88.193.44,4,2,0.50,501.17,0.00
65.49.237.39,4,2,0.50,502.15,0.00
65.49.237.8,4,2,0.50,502.69,0.00
23.59.252.65,4,2,0.50,503.62,0.00
65.49.237.39,4,2,0.50,505.18,0.00
65.49.237.39,4,2,0.50,505.45,0.00
137.220.130.105,4,2,0.50,507.46,0.00
65.49.237.39,4,2,0.50,507.61,0.00
65.49.237.39,4,2,0.50,508.86,0.00
35.78.79.155,4,2,0.50,511.33,0.00
65.49.237.39,4,2,0.50,524.40,0.00
65.49.236.71,4,2,0.50,526.79,0.00
52.192.250.73,4,2,0.50,528.11,0.00
103.200.30.174,4,2,0.50,528.28,0.00
65.49.237.39,4,2,0.50,531.61,0.00
154.92.9.2,4,2,0.50,534.17,0.00
54.248.60.239,4,2,0.50,538.45,0.00
65.49.237.39,4,2,0.50,539.06,0.00
18.65.185.89,4,2,0.50,545.43,0.00
18.178.153.135,4,2,0.50,558.99,0.00
65.49.237.39,4,2,0.50,559.47,0.00
65.49.237.39,4,2,0.50,569.48,0.00
54.248.60.239,4,2,0.50,570.71,0.00
65.49.237.8,4,2,0.50,587.53,0.00
65.49.237.39,4,2,0.50,589.18,0.00
65.49.237.39,4,2,0.50,593.18,0.00
154.92.9.2,4,2,0.50,604.77,0.00
18.65.168.125,4,2,0.50,615.05,0.00
23.192.47.146,4,2,0.50,722.74,0.00
65.49.236.53,4,1,0.75,60.77,0.00
65.49.237.173,4,1,0.75,61.08,0.00
65.49.237.237,4,1,0.75,63.49,0.00
65.49.236.53,4,1,0.75,64.02,0.00
65.49.236.53,4,1,0.75,65.60,0.00
65.49.237.173,4,1,0.75,65.84,0.00
65.49.236.53,4,1,0.75,67.57,0.00
65.49.237.237,4,1,0.75,84.91,0.00
65.49.237.39,4,1,0.75,85.12,0.00
65.49.236.71,4,1,0.75,86.40,0.00
65.49.237.237,4,1,0.75,100.87,0.00
65.49.237.237,4,1,0.75,102.40,0.00
65.49.237.39,4,1,0.75,107.26,0.00
65.49.237.39,4,1,0.75,112.93,0.00
65.49.237.237,4,1,0.75,113.66,0.00
65.49.237.237,4,1,0.75,116.60,0.00
65.49.236.151,4,1,0.75,119.48,0.00
65.49.236.151,4,1,0.75,120.81,0.00
99.84.55.43,4,1,0.75,122.64,0.00
65.49.236.53,4,1,0.75,123.32,0.00
65.49.236.151,4,1,0.75,124.69,0.00
65.49.236.53,4,1,0.75,124.99,0.00
65.49.237.237,4,1,0.75,126.54,0.00
65.49.236.151,4,1,0.75,126.76,0.00
65.49.237.173,4,1,0.75,126.98,0.00
65.49.236.53,4,1,0.75,131.14,0.00
65.49.237.237,4,1,0.75,131.70,0.00
65.49.237.237,4,1,0.75,132.03,0.00
158.101.130.117,4,1,0.75,132.49,0.00
65.49.237.8,4,1,0.75,134.99,0.00
65.49.236.151,4,1,0.75,135.02,0.00
65.49.237.39,4,1,0.75,135.08,0.00
65.49.236.71,4,1,0.75,135.23,0.00
65.49.237.237,4,1,0.75,136.34,0.00
65.49.237.237,4,1,0.75,137.66,0.00
65.49.237.237,4,1,0.75,138.00,0.00
65.49.237.39,4,1,0.75,138.22,0.00
65.49.237.237,4,1,0.75,139.78,0.00
65.49.236.151,4,1,0.75,140.30,0.00
65.49.236.151,4,1,0.75,141.56,0.00
65.49.237.173,4,1,0.75,142.11,0.00
65.49.237.39,4,1,0.75,142.13,0.00
65.49.237.237,4,1,0.75,142.81,0.00
65.49.237.39,4,1,0.75,143.36,0.00
65.49.237.39,4,1,0.75,144.72,0.00
195.245.241.95,4,1,0.75,144.83,0.00
65.49.237.237,4,1,0.75,144.88,0.00
65.49.236.53,4,1,0.75,145.97,0.00
65.49.237.237,4,1,0.75,146.91,0.00
65.49.236.153,4,1,0.75,147.29,0.00
65.49.237.173,4,1,0.75,147.75,0.00
65.49.237.237,4,1,0.75,148.70,0.00
65.49.237.8,4,1,0.75,148.93,0.00
65.49.237.237,4,1,0.75,149.82,0.00
65.49.237.237,4,1,0.75,149.83,0.00
18.65.190.48,4,1,0.75,151.17,0.00
65.49.236.71,4,1,0.75,152.12,0.00
65.49.236.151,4,1,0.75,152.80,0.00
65.49.237.237,4,1,0.75,152.89,0.00
65.49.237.8,4,1,0.75,153.76,0.00
65.49.237.237,4,1,0.75,154.15,0.00
65.49.237.237,4,1,0.75,155.21,0.00
65.49.237.237,4,1,0.75,156.46,0.00
18.65.214.82,4,1,0.75,158.06,0.00
65.49.237.8,4,1,0.75,158.26,0.00
65.49.236.71,4,1,0.75,158.67,0.00
65.49.237.237,4,1,0.75,158.70,0.00
65.49.236.151,4,1,0.75,159.41,0.00
65.49.237.173,4,1,0.75,160.03,0.00
65.49.237.39,4,1,0.75,160.03,0.00
65.49.236.71,4,1,0.75,160.48,0.00
65.49.237.173,4,1,0.75,161.21,0.00
65.49.237.237,4,1,0.75,161.41,0.00
65.49.236.53,4,1,0.75,163.42,0.00
65.49.237.237,4,1,0.75,163.51,0.00
65.49.237.237,4,1,0.75,164.68,0.00
65.49.237.39,4,1,0.75,165.09,0.00
65.49.237.39,4,1,0.75,169.33,0.00
65.49.236.151,4,1,0.75,169.74,0.00
65.49.236.71,4,1,0.75,169.87,0.00
65.49.237.173,4,1,0.75,170.29,0.00
65.49.237.237,4,1,0.75,170.41,0.00
65.49.237.237,4,1,0.75,171.69,0.00
65.49.237.173,4,1,0.75,171.94,0.00
65.49.237.237,4,1,0.75,172.95,0.00
65.49.237.173,4,1,0.75,173.04,0.00
65.49.236.53,4,1,0.75,173.40,0.00
193.32.151.46,4,1,0.75,173.56,0.00
65.49.237.173,4,1,0.75,173.57,0.00
65.49.237.237,4,1,0.75,173.68,0.00
65.49.237.237,4,1,0.75,174.05,0.00
65.49.236.151,4,1,0.75,175.65,0.00
65.49.237.237,4,1,0.75,175.65,0.00
65.49.236.151,4,1,0.75,176.04,0.00
65.49.237.173,4,1,0.75,176.56,0.00
65.49.237.237,4,1,0.75,176.91,0.00
65.49.236.53,4,1,0.75,177.63,0.00
65.49.237.237,4,1,0.75,177.76,0.00
65.49.237.237,4,1,0.75,179.03,0.00
65.49.237.237,4,1,0.75,179.32,0.00
65.49.237.237,4,1,0.75,180.41,0.00
65.49.237.39,4,1,0.75,180.94,0.00
65.49.237.237,4,1,0.75,182.87,0.00
65.49.236.153,4,1,0.75,182.99,0.00
13.227.62.119,4,1,0.75,184.09,0.00
65.49.237.237,4,1,0.75,186.39,0.00
65.49.237.237,4,1,0.75,187.94,0.00
65.49.237.237,4,1,0.75,188.03,0.00
65.49.237.237,4,1,0.75,190.05,0.00
18.176.247.73,4,1,0.75,190.61,0.00
158.101.151.25,4,1,0.75,191.37,0.00
65.49.236.151,4,1,0.75,192.01,0.00
65.49.237.237,4,1,0.75,192.58,0.00
65.49.236.71,4,1,0.75,193.40,0.00
65.49.237.237,4,1,0.75,194.44,0.00
65.49.237.39,4,1,0.75,198.53,0.00
18.65.199.33,4,1,0.75,200.25,0.00
65.49.236.53,4,1,0.75,201.14,0.00
23.47.122.207,4,1,0.75,201.21,0.00
157.7.44.168,4,1,0.75,201.39,0.00
65.49.236.53,4,1,0.75,201.89,0.00
18.172.31.91,4,1,0.75,203.16,0.00
65.49.237.237,4,1,0.75,204.19,0.00
57.180.166.30,4,1,0.75,204.63,0.00
141.147.184.121,4,1,0.75,205.93,0.00
65.49.237.237,4,1,0.75,206.52,0.00
65.49.237.237,4,1,0.75,208.44,0.00
65.49.236.53,4,1,0.75,210.18,0.00
65.49.237.8,4,1,0.75,210.43,0.00
65.49.237.237,4,1,0.75,211.32,0.00
65.49.237.237,4,1,0.75,211.46,0.00
65.49.237.39,4,1,0.75,212.53,0.00
65.49.236.53,4,1,0.75,212.59,0.00
65.49.237.237,4,1,0.75,213.53,0.00
131.186.35.251,4,1,0.75,213.64,0.00
65.49.237.173,4,1,0.75,214.25,0.00
65.49.236.151,4,1,0.75,214.81,0.00
8.209.211.127,4,1,0.75,216.07,0.00
65.49.237.237,4,1,0.75,216.54,0.00
65.49.237.237,4,1,0.75,217.00,0.00
57.181.176.255,4,1,0.75,218.24,0.00
65.49.236.71,4,1,0.75,221.41,0.00
65.49.236.151,4,1,0.75,222.53,0.00
65.49.236.53,4,1,0.75,222.91,0.00
18.65.171.14,4,1,0.75,224.68,0.00
35.72.245.184,4,1,0.75,224.95,0.00
65.49.237.39,4,1,0.75,225.89,0.00
65.49.237.173,4,1,0.75,226.49,0.00
65.49.237.173,4,1,0.75,227.48,0.00
65.49.236.151,4,1,0.75,227.99,0.00
65.49.237.237,4,1,0.75,228.84,0.00
18.65.207.98,4,1,0.75,233.22,0.00
65.49.237.237,4,1,0.75,234.16,0.00
18.65.207.76,4,1,0.75,234.26,0.00
13.249.166.66,4,1,0.75,235.31,0.00
65.49.237.237,4,1,0.75,235.42,0.00
65.49.237.237,4,1,0.75,236.64,0.00
65.49.237.237,4,1,0.75,237.02,0.00
65.49.237.237,4,1,0.75,238.04,0.00
65.49.237.237,4,1,0.75,239.19,0.00
65.49.237.237,4,1,0.75,240.37,0.00
65.49.237.237,4,1,0.75,241.88,0.00
65.49.237.237,4,1,0.75,242.98,0.00
65.49.237.237,4,1,0.75,244.21,0.00
13.227.56.33,4,1,0.75,245.58,0.00
65.49.237.237,4,1,0.75,245.95,0.00
65.49.237.237,4,1,0.75,245.98,0.00
65.49.237.237,4,1,0.75,246.37,0.00
23.33.32.194,4,1,0.75,247.39,0.00
18.65.214.137,4,1,0.75,247.69,0.00
140.83.34.97,4,1,0.75,248.65,0.00
65.49.237.237,4,1,0.75,250.37,0.00
2.18.157.173,4,1,0.75,252.94,0.00
65.49.237.237,4,1,0.75,253.45,0.00
35.75.122.95,4,1,0.75,254.26,0.00
18.65.171.35,4,1,0.75,255.54,0.00
150.230.207.188,4,1,0.75,256.04,0.00
13.227.62.10,4,1,0.75,256.45,0.00
65.49.237.114,4,1,0.75,256.51,0.00
203.138.197.82,4,1,0.75,257.04,0.00
18.65.199.153,4,1,0.75,257.85,0.00
18.65.190.121,4,1,0.75,258.10,0.00
65.49.237.237,4,1,0.75,258.18,0.00
65.49.237.237,4,1,0.75,260.80,0.00
99.84.55.78,4,1,0.75,262.01,0.00
65.49.237.237,4,1,0.75,262.36,0.00
65.49.237.237,4,1,0.75,262.82,0.00
65.49.237.8,4,1,0.75,263.03,0.00
65.9.42.120,4,1,0.75,263.91,0.00
35.74.20.242,4,1,0.75,264.93,0.00
65.49.237.237,4,1,0.75,268.91,0.00
13.227.62.123,4,1,0.75,269.66,0.00
65.49.236.71,4,1,0.75,269.76,0.00
155.248.176.213,4,1,0.75,270.01,0.00
99.84.50.205,4,1,0.75,274.67,0.00
150.230.218.34,4,1,0.75,275.98,0.00
65.49.237.237,4,1,0.75,276.30,0.00
65.49.237.114,4,1,0.75,278.27,0.00
18.65.216.66,4,1,0.75,278.39,0.00
65.49.237.237,4,1,0.75,278.77,0.00
13.35.51.39,4,1,0.75,280.26,0.00
23.33.32.169,4,1,0.75,280.90,0.00
18.65.216.119,4,1,0.75,283.25,0.00
8.216.81.13,4,1,0.75,284.14,0.00
65.49.237.237,4,1,0.75,284.74,0.00
3.113.111.83,4,1,0.75,286.40,0.00
65.49.237.237,4,1,0.75,289.40,0.00
65.49.237.237,4,1,0.75,290.66,0.00
65.49.237.237,4,1,0.75,291.25,0.00
65.49.237.237,4,1,0.75,292.12,0.00
65.49.236.71,4,1,0.75,293.49,0.00
65.49.237.173,4,1,0.75,295.35,0.00
18.65.190.159,4,1,0.75,296.54,0.00
65.49.237.237,4,1,0.75,297.20,0.00
143.204.126.75,4,1,0.75,302.57,0.00
18.172.52.118,4,1,0.75,312.90,0.00
65.49.236.71,4,1,0.75,312.97,0.00
52.199.3.191,4,1,0.75,318.44,0.00
43.133.183.243,4,1,0.75,318.57,0.00
99.84.50.11,4,1,0.75,320.79,0.00
13.35.51.132,4,1,0.75,320.96,0.00
140.238.58.129,4,1,0.75,322.18,0.00
65.49.237.173,4,1,0.75,322.37,0.00
8.211.132.64,4,1,0.75,324.10,0.00
18.65.185.25,4,1,0.75,326.15,0.00
65.49.237.8,4,1,0.75,327.21,0.00
65.49.237.173,4,1,0.75,327.81,0.00
43.163.217.250,4,1,0.75,328.41,0.00
43.163.217.126,4,1,0.75,330.53,0.00
172.105.242.122,4,1,0.75,331.31,0.00
65.49.237.8,4,1,0.75,332.38,0.00
65.49.237.237,4,1,0.75,334.70,0.00
65.49.236.153,4,1,0.75,340.01,0.00
65.9.37.195,4,1,0.75,341.42,0.00
65.49.237.8,4,1,0.75,342.64,0.00
140.238.58.129,4,1,0.75,344.26,0.00
65.49.236.71,4,1,0.75,344.84,0.00
65.49.236.71,4,1,0.75,345.27,0.00
65.49.237.237,4,1,0.75,346.54,0.00
65.49.237.173,4,1,0.75,346.61,0.00
65.49.236.71,4,1,0.75,348.81,0.00
23.192.45.51,4,1,0.75,349.41,0.00
65.49.237.39,4,1,0.75,351.00,0.00
65.49.237.237,4,1,0.75,353.41,0.00
65.49.237.39,4,1,0.75,356.75,0.00
65.49.237.237,4,1,0.75,357.58,0.00
65.9.42.41,4,1,0.75,365.00,0.00
65.49.237.237,4,1,0.75,365.51,0.00
54.199.223.143,4,1,0.75,366.84,0.00
65.49.237.237,4,1,0.75,367.29,0.00
65.49.237.237,4,1,0.75,368.19,0.00
65.9.42.65,4,1,0.75,372.38,0.00
65.49.237.237,4,1,0.75,374.53,0.00
65.49.236.151,4,1,0.75,375.42,0.00
65.49.237.237,4,1,0.75,377.02,0.00
65.49.237.237,4,1,0.75,378.11,0.00
65.49.237.237,4,1,0.75,378.87,0.00
65.49.237.237,4,1,0.75,379.95,0.00
223.135.156.185,4,1,0.75,384.81,0.00
65.49.236.151,4,1,0.75,385.97,0.00
65.49.237.8,4,1,0.75,391.14,0.00
156.231.11.250,4,1,0.75,391.20,0.00
18.65.214.20,4,1,0.75,391.21,0.00
23.192.47.66,4,1,0.75,392.74,0.00
154.85.11.131,4,1,0.75,396.84,0.00
54.199.223.143,4,1,0.75,397.99,0.00
65.49.237.237,4,1,0.75,407.13,0.00
35.74.20.242,4,1,0.75,409.11,0.00
35.74.20.242,4,1,0.75,411.80,0.00
47.91.21.98,4,1,0.75,414.95,0.00
47.245.11.183,4,1,0.75,417.57,0.00
65.49.236.151,4,1,0.75,418.72,0.00
65.49.237.237,4,1,0.75,423.31,0.00
13.35.70.100,4,1,0.75,429.95,0.00
13.114.109.69,4,1,0.75,430.40,0.00
155.248.176.213,4,1,0.75,432.46,0.00
141.147.169.245,4,1,0.75,432.77,0.00
168.138.193.200,4,1,0.75,437.36,0.00
149.28.19.108,4,1,0.75,441.68,0.00
65.49.236.151,4,1,0.75,443.75,0.00
184.26.43.47,4,1,0.75,457.13,0.00
154.92.9.2,4,1,0.75,457.23,0.00
140.238.39.149,4,1,0.75,458.80,0.00
52.193.145.213,4,1,0.75,459.08,0.00
45.66.131.217,4,1,0.75,464.24,0.00
13.249.160.18,4,1,0.75,468.39,0.00
147.78.242.245,4,1,0.75,483.43,0.00
18.172.50.224,4,1,0.75,521.77,0.00
18.65.199.68,4,1,0.75,546.24,0.00
45.66.129.11,4,1,0.75,567.52,0.00
65.49.237.39,4,1,0.75,601.42,0.00
13.115.47.65,4,1,0.75,607.72,0.00
154.92.9.2,4,1,0.75,614.73,0.00
23.195.130.207,4,1,0.75,617.51,0.00
65.49.237.8,4,1,0.75,633.09,0.00
154.92.9.4,4,1,0.75,711.79,0.00
